Gene,PAM_Region,Guide_Sequence,Sequence_Number,Strand,Center
crcB,TGTCA,TTCGCGATATTGGGTTTTATTGCTTTAGGCGG,1,coding,Yes
crcB,ATTCG,CGATATTGGGTTTTATTGCTTTAGGCGGCGCG,2,coding,Yes
crcB,TCGCG,ATATTGGGTTTTATTGCTTTAGGCGGCGCGGT,3,coding,Yes
crcB,TTGCT,TTAGGCGGCGCGGTTGGTGCTTGCGCTCGTTT,4,coding,Yes
crcB,AGGCG,GCGCGGTTGGTGCTTGCGCTCGTTTCTTAGTG,5,coding,Yes
crcB,CGGCG,CGGTTGGTGCTTGCGCTCGTTTCTTAGTGTCC,6,coding,Yes
crcB,GCGCG,GTTGGTGCTTGCGCTCGTTTCTTAGTGTCCGA,7,coding,Yes
crcB,GTGCT,TGCGCTCGTTTCTTAGTGTCCGAAATATGCAT,8,coding,Yes
crcB,TTGCG,CTCGTTTCTTAGTGTCCGAAATATGCATCACT,9,coding,Yes
crcB,GCGCT,CGTTTCTTAGTGTCCGAAATATGCATCACTTT,10,coding,Yes
crcB,GCTCG,TTTCTTAGTGTCCGAAATATGCATCACTTTAT,11,coding,Yes
crcB,TTTCT,TAGTGTCCGAAATATGCATCACTTTATTTGGG,12,coding,Yes
crcB,TGTCC,GAAATATGCATCACTTTATTTGGGCGTGGTTT,13,coding,Yes
crcB,GTCCG,AAATATGCATCACTTTATTTGGGCGTGGTTTC,14,coding,Yes
crcB,ATGCA,TCACTTTATTTGGGCGTGGTTTCCCGATTGGG,15,coding,Yes
crcB,CATCA,CTTTATTTGGGCGTGGTTTCCCGATTGGGACA,16,coding,Yes
crcB,TCACT,TTATTTGGGCGTGGTTTCCCGATTGGGACACT,17,coding,Yes
crcB,GGGCG,TGGTTTCCCGATTGGGACACTGACCGTTAATG,18,coding,Yes
crcB,TTTCC,CGATTGGGACACTGACCGTTAATGTGGTGGGG,19,coding,Yes
crcB,TTCCC,GATTGGGACACTGACCGTTAATGTGGTGGGGT,20,coding,Yes
crcB,TCCCG,ATTGGGACACTGACCGTTAATGTGGTGGGGTC,21,coding,Yes
crcB,GGACA,CTGACCGTTAATGTGGTGGGGTCATTTATTAT,22,coding,No
crcB,ACACT,GACCGTTAATGTGGTGGGGTCATTTATTATGG,23,coding,No
crcB,TGACC,GTTAATGTGGTGGGGTCATTTATTATGGGGGT,24,coding,No
crcB,GACCG,TTAATGTGGTGGGGTCATTTATTATGGGGGTT,25,coding,No
crcB,GGTCA,TTTATTATGGGGGTTTTGATCGCTTGTGTTGA,26,coding,No
crcB,GATCG,CTTGTGTTGAAAATGAGTGGTTAAGCCCTTAC,27,coding,No
crcB,TCGCT,TGTGTTGAAAATGAGTGGTTAAGCCCTTACCC,28,coding,No
crcB,AAGCC,CTTACCCATGGAAACAAGTGATTGGCCTTGGT,29,coding,No
crcB,AGCCC,TTACCCATGGAAACAAGTGATTGGCCTTGGTT,30,coding,No
crcB,GCCCT,TACCCATGGAAACAAGTGATTGGCCTTGGTTT,31,coding,No
crcB,TTACC,CATGGAAACAAGTGATTGGCCTTGGTTTTCTC,32,coding,No
crcB,TACCC,ATGGAAACAAGTGATTGGCCTTGGTTTTCTCG,33,coding,No
crcB,ACCCA,TGGAAACAAGTGATTGGCCTTGGTTTTCTCGG,34,coding,No
crcB,AAACA,AGTGATTGGCCTTGGTTTTCTCGGAGCATTAA,35,coding,No
crcB,TGGCC,TTGGTTTTCTCGGAGCATTAACGACTTTCTCG,36,coding,No
crcB,GGCCT,TGGTTTTCTCGGAGCATTAACGACTTTCTCGA,37,coding,No
crcB,TTTCT,CGGAGCATTAACGACTTTCTCGACGTTTTCTA,38,coding,No
crcB,TCTCG,GAGCATTAACGACTTTCTCGACGTTTTCTATG,39,coding,No
crcB,GAGCA,TTAACGACTTTCTCGACGTTTTCTATGGATAA,40,coding,No
crcB,TAACG,ACTTTCTCGACGTTTTCTATGGATAACGTCCT,41,coding,No
crcB,CGACT,TTCTCGACGTTTTCTATGGATAACGTCCTTTT,42,coding,No
crcB,TTTCT,CGACGTTTTCTATGGATAACGTCCTTTTAATG,43,coding,No
crcB,TCTCG,ACGTTTTCTATGGATAACGTCCTTTTAATGCA,44,coding,No
crcB,CGACG,TTTTCTATGGATAACGTCCTTTTAATGCAGCA,45,coding,No
crcB,TTTCT,ATGGATAACGTCCTTTTAATGCAGCAGGGCGC,46,coding,No
crcB,TAACG,TCCTTTTAATGCAGCAGGGCGCTTTTTTTAAA,47,coding,No
crcB,CGTCC,TTTTAATGCAGCAGGGCGCTTTTTTTAAAATG,48,coding,No
crcB,GTCCT,TTTAATGCAGCAGGGCGCTTTTTTTAAAATGG,49,coding,No
crcB,ATGCA,GCAGGGCGCTTTTTTTAAAATGGGGGCGAATG,50,coding,No
crcB,CAGCA,GGGCGCTTTTTTTAAAATGGGGGCGAATGTAC,51,coding,No
crcB,GGGCG,CTTTTTTTAAAATGGGGGCGAATGTACTGTTG,52,coding,No
crcB,GCGCT,TTTTTTAAAATGGGGGCGAATGTACTGTTGAA,53,coding,No
crcB,GGGCG,AATGTACTGTTGAATGTTATTTTAAGTATTTC,54,coding,No
crcB,GTACT,GTTGAATGTTATTTTAAGTATTTCTGCTGCTT,55,coding,No
crcB,TTTCT,GCTGCTTGGATTGGTTTTCACTGGTTAATAAA,56,coding,No
crcB,CTGCT,GCTTGGATTGGTTTTCACTGGTTAATAAAAAG,57,coding,No
crcB,CTGCT,TGGATTGGTTTTCACTGGTTAATAAAAAGTTG,58,coding,No
crcB,CAACT,TTTTATTAACCAGTGAAAACCAATCCAAGCAG,59,template,No
crcB,TAACC,AGTGAAAACCAATCCAAGCAGCAGAAATACTT,60,template,No
crcB,AACCA,GTGAAAACCAATCCAAGCAGCAGAAATACTTA,61,template,No
crcB,AAACC,AATCCAAGCAGCAGAAATACTTAAAATAACAT,62,template,No
crcB,AACCA,ATCCAAGCAGCAGAAATACTTAAAATAACATT,63,template,No
crcB,AATCC,AAGCAGCAGAAATACTTAAAATAACATTCAAC,64,template,No
crcB,ATCCA,AGCAGCAGAAATACTTAAAATAACATTCAACA,65,template,No
crcB,AAGCA,GCAGAAATACTTAAAATAACATTCAACAGTAC,66,template,No
crcB,CAGCA,GAAATACTTAAAATAACATTCAACAGTACATT,67,template,No
crcB,ATACT,TAAAATAACATTCAACAGTACATTCGCCCCCA,68,template,No
crcB,TAACA,TTCAACAGTACATTCGCCCCCATTTTAAAAAA,69,template,No
crcB,ATTCA,ACAGTACATTCGCCCCCATTTTAAAAAAAGCG,70,template,No
crcB,CAACA,GTACATTCGCCCCCATTTTAAAAAAAGCGCCC,71,template,No
crcB,GTACA,TTCGCCCCCATTTTAAAAAAAGCGCCCTGCTG,72,template,No
crcB,ATTCG,CCCCCATTTTAAAAAAAGCGCCCTGCTGCATT,73,template,No
crcB,TCGCC,CCCATTTTAAAAAAAGCGCCCTGCTGCATTAA,74,template,No
crcB,CGCCC,CCATTTTAAAAAAAGCGCCCTGCTGCATTAAA,75,template,No
crcB,GCCCC,CATTTTAAAAAAAGCGCCCTGCTGCATTAAAA,76,template,No
crcB,CCCCC,ATTTTAAAAAAAGCGCCCTGCTGCATTAAAAG,77,template,No
crcB,CCCCA,TTTTAAAAAAAGCGCCCTGCTGCATTAAAAGG,78,template,No
crcB,AAGCG,CCCTGCTGCATTAAAAGGACGTTATCCATAGA,79,template,No
crcB,GCGCC,CTGCTGCATTAAAAGGACGTTATCCATAGAAA,80,template,No
crcB,CGCCC,TGCTGCATTAAAAGGACGTTATCCATAGAAAA,81,template,No
crcB,GCCCT,GCTGCATTAAAAGGACGTTATCCATAGAAAAC,82,template,No
crcB,CTGCT,GCATTAAAAGGACGTTATCCATAGAAAACGTC,83,template,No
crcB,CTGCA,TTAAAAGGACGTTATCCATAGAAAACGTCGAG,84,template,No
crcB,GGACG,TTATCCATAGAAAACGTCGAGAAAGTCGTTAA,85,template,Yes
crcB,TATCC,ATAGAAAACGTCGAGAAAGTCGTTAATGCTCC,86,template,Yes
crcB,ATCCA,TAGAAAACGTCGAGAAAGTCGTTAATGCTCCG,87,template,Yes
crcB,AAACG,TCGAGAAAGTCGTTAATGCTCCGAGAAAACCA,88,template,Yes
crcB,CGTCG,AGAAAGTCGTTAATGCTCCGAGAAAACCAAGG,89,template,Yes
crcB,AGTCG,TTAATGCTCCGAGAAAACCAAGGCCAATCACT,90,template,Yes
crcB,ATGCT,CCGAGAAAACCAAGGCCAATCACTTGTTTCCA,91,template,Yes
crcB,GCTCC,GAGAAAACCAAGGCCAATCACTTGTTTCCATG,92,template,Yes
crcB,CTCCG,AGAAAACCAAGGCCAATCACTTGTTTCCATGG,93,template,Yes
crcB,AAACC,AAGGCCAATCACTTGTTTCCATGGGTAAGGGC,94,template,Yes
crcB,AACCA,AGGCCAATCACTTGTTTCCATGGGTAAGGGCT,95,template,Yes
crcB,AGGCC,AATCACTTGTTTCCATGGGTAAGGGCTTAACC,96,template,Yes
crcB,GGCCA,ATCACTTGTTTCCATGGGTAAGGGCTTAACCA,97,template,Yes
crcB,AATCA,CTTGTTTCCATGGGTAAGGGCTTAACCACTCA,98,template,Yes
crcB,TCACT,TGTTTCCATGGGTAAGGGCTTAACCACTCATT,99,template,Yes
crcB,TTTCC,ATGGGTAAGGGCTTAACCACTCATTTTCAACA,100,template,Yes
crcB,TTCCA,TGGGTAAGGGCTTAACCACTCATTTTCAACAC,101,template,Yes
crcB,GGGCT,TAACCACTCATTTTCAACACAAGCGATCAAAA,102,template,Yes
crcB,TAACC,ACTCATTTTCAACACAAGCGATCAAAACCCCC,103,template,Yes
crcB,AACCA,CTCATTTTCAACACAAGCGATCAAAACCCCCA,104,template,Yes
crcB,CCACT,CATTTTCAACACAAGCGATCAAAACCCCCATA,105,template,Yes
crcB,ACTCA,TTTTCAACACAAGCGATCAAAACCCCCATAAT,106,template,Yes
crcB,TTTCA,ACACAAGCGATCAAAACCCCCATAATAAATGA,107,template,Yes
crcB,CAACA,CAAGCGATCAAAACCCCCATAATAAATGACCC,108,template,Yes
crcB,ACACA,AGCGATCAAAACCCCCATAATAAATGACCCCA,109,template,Yes
crcB,AAGCG,ATCAAAACCCCCATAATAAATGACCCCACCAC,110,template,Yes
crcB,GATCA,AAACCCCCATAATAAATGACCCCACCACATTA,111,template,Yes
crcB,AAACC,CCCATAATAAATGACCCCACCACATTAACGGT,112,template,No
crcB,AACCC,CCATAATAAATGACCCCACCACATTAACGGTC,113,template,No
crcB,ACCCC,CATAATAAATGACCCCACCACATTAACGGTCA,114,template,No
crcB,CCCCC,ATAATAAATGACCCCACCACATTAACGGTCAG,115,template,No
crcB,CCCCA,TAATAAATGACCCCACCACATTAACGGTCAGT,116,template,No
crcB,TGACC,CCACCACATTAACGGTCAGTGTCCCAATCGGG,117,template,No
crcB,GACCC,CACCACATTAACGGTCAGTGTCCCAATCGGGA,118,template,No
crcB,ACCCC,ACCACATTAACGGTCAGTGTCCCAATCGGGAA,119,template,No
crcB,CCCCA,CCACATTAACGGTCAGTGTCCCAATCGGGAAA,120,template,No
crcB,CCACC,ACATTAACGGTCAGTGTCCCAATCGGGAAACC,121,template,No
crcB,CACCA,CATTAACGGTCAGTGTCCCAATCGGGAAACCA,122,template,No
crcB,CCACA,TTAACGGTCAGTGTCCCAATCGGGAAACCACG,123,template,No
crcB,TAACG,GTCAGTGTCCCAATCGGGAAACCACGCCCAAA,124,template,No
crcB,GGTCA,GTGTCCCAATCGGGAAACCACGCCCAAATAAA,125,template,No
crcB,TGTCC,CAATCGGGAAACCACGCCCAAATAAAGTGATG,126,template,No
crcB,GTCCC,AATCGGGAAACCACGCCCAAATAAAGTGATGC,127,template,No
crcB,TCCCA,ATCGGGAAACCACGCCCAAATAAAGTGATGCA,128,template,No
crcB,AATCG,GGAAACCACGCCCAAATAAAGTGATGCATATT,129,template,No
crcB,AAACC,ACGCCCAAATAAAGTGATGCATATTTCGGACA,130,template,No
crcB,AACCA,CGCCCAAATAAAGTGATGCATATTTCGGACAC,131,template,No
crcB,CCACG,CCCAAATAAAGTGATGCATATTTCGGACACTA,132,template,No
crcB,ACGCC,CAAATAAAGTGATGCATATTTCGGACACTAAG,133,template,No
crcB,CGCCC,AAATAAAGTGATGCATATTTCGGACACTAAGA,134,template,No
crcB,GCCCA,AATAAAGTGATGCATATTTCGGACACTAAGAA,135,template,No
crcB,ATGCA,TATTTCGGACACTAAGAAACGAGCGCAAGCAC,136,template,No
crcB,TTTCG,GACACTAAGAAACGAGCGCAAGCACCAACCGC,137,template,No
crcB,GGACA,CTAAGAAACGAGCGCAAGCACCAACCGCGCCG,138,template,No
crcB,ACACT,AAGAAACGAGCGCAAGCACCAACCGCGCCGCC,139,template,No
crcB,AAACG,AGCGCAAGCACCAACCGCGCCGCCTAAAGCAA,140,template,No
crcB,GAGCG,CAAGCACCAACCGCGCCGCCTAAAGCAATAAA,141,template,No
crcB,GCGCA,AGCACCAACCGCGCCGCCTAAAGCAATAAAAC,142,template,No
crcB,AAGCA,CCAACCGCGCCGCCTAAAGCAATAAAACCCAA,143,template,No
crcB,GCACC,AACCGCGCCGCCTAAAGCAATAAAACCCAATA,144,template,No
crcB,CACCA,ACCGCGCCGCCTAAAGCAATAAAACCCAATAT,145,template,No
crcB,CAACC,GCGCCGCCTAAAGCAATAAAACCCAATATCGC,146,template,No
crcB,AACCG,CGCCGCCTAAAGCAATAAAACCCAATATCGCG,147,template,No
crcB,CCGCG,CCGCCTAAAGCAATAAAACCCAATATCGCGAA,148,template,No
crcB,GCGCC,GCCTAAAGCAATAAAACCCAATATCGCGAATG,149,template,No
crcB,CGCCG,CCTAAAGCAATAAAACCCAATATCGCGAATGA,150,template,No
crcB,CCGCC,TAAAGCAATAAAACCCAATATCGCGAATGACA,151,template,No
crcB,CGCCT,AAAGCAATAAAACCCAATATCGCGAATGACAT,152,template,No
trmA,TGGCG,ACTCTTGATGTAAACCCTGAACTCTACCAAGC,1,coding,Yes
trmA,CGACT,CTTGATGTAAACCCTGAACTCTACCAAGCTCA,2,coding,Yes
trmA,ACTCT,TGATGTAAACCCTGAACTCTACCAAGCTCAAT,3,coding,Yes
trmA,AAACC,CTGAACTCTACCAAGCTCAATTGGCAGACAAA,4,coding,Yes
trmA,AACCC,TGAACTCTACCAAGCTCAATTGGCAGACAAAA,5,coding,Yes
trmA,ACCCT,GAACTCTACCAAGCTCAATTGGCAGACAAAAT,6,coding,Yes
trmA,GAACT,CTACCAAGCTCAATTGGCAGACAAAATCGCCC,7,coding,Yes
trmA,ACTCT,ACCAAGCTCAATTGGCAGACAAAATCGCCCGT,8,coding,Yes
trmA,CTACC,AAGCTCAATTGGCAGACAAAATCGCCCGTTTA,9,coding,Yes
trmA,TACCA,AGCTCAATTGGCAGACAAAATCGCCCGTTTAA,10,coding,Yes
trmA,AAGCT,CAATTGGCAGACAAAATCGCCCGTTTAAAAGC,11,coding,Yes
trmA,GCTCA,ATTGGCAGACAAAATCGCCCGTTTAAAAGCGA,12,coding,Yes
trmA,TGGCA,GACAAAATCGCCCGTTTAAAAGCGATGTTTGT,13,coding,Yes
trmA,AGACA,AAATCGCCCGTTTAAAAGCGATGTTTGTTGAT,14,coding,Yes
trmA,AATCG,CCCGTTTAAAAGCGATGTTTGTTGATTACTCC,15,coding,Yes
trmA,TCGCC,CGTTTAAAAGCGATGTTTGTTGATTACTCCAT,16,coding,Yes
trmA,CGCCC,GTTTAAAAGCGATGTTTGTTGATTACTCCATG,17,coding,Yes
trmA,GCCCG,TTTAAAAGCGATGTTTGTTGATTACTCCATGC,18,coding,Yes
trmA,AAGCG,ATGTTTGTTGATTACTCCATGCCTGAGCTGGA,19,coding,Yes
trmA,TTACT,CCATGCCTGAGCTGGAAGTGTTTGAGTCGCCA,20,coding,Yes
trmA,ACTCC,ATGCCTGAGCTGGAAGTGTTTGAGTCGCCAGT,21,coding,Yes
trmA,CTCCA,TGCCTGAGCTGGAAGTGTTTGAGTCGCCAGTG,22,coding,Yes
trmA,ATGCC,TGAGCTGGAAGTGTTTGAGTCGCCAGTGGTGA,23,coding,Yes
trmA,TGCCT,GAGCTGGAAGTGTTTGAGTCGCCAGTGGTGAA,24,coding,Yes
trmA,GAGCT,GGAAGTGTTTGAGTCGCCAGTGGTGAATTATC,25,coding,Yes
trmA,AGTCG,CCAGTGGTGAATTATCGTATGCGTGCTGAATT,26,coding,Yes
trmA,TCGCC,AGTGGTGAATTATCGTATGCGTGCTGAATTTC,27,coding,Yes
trmA,CGCCA,GTGGTGAATTATCGTATGCGTGCTGAATTTCG,28,coding,Yes
trmA,TATCG,TATGCGTGCTGAATTTCGGATTTGGCATGAAG,29,coding,Yes
trmA,ATGCG,TGCTGAATTTCGGATTTGGCATGAAGGCGATG,30,coding,Yes
trmA,GTGCT,GAATTTCGGATTTGGCATGAAGGCGATGACAT,31,coding,Yes
trmA,TTTCG,GATTTGGCATGAAGGCGATGACATGTACTACA,32,coding,Yes
trmA,TGGCA,TGAAGGCGATGACATGTACTACATCATGTTTA,33,coding,Yes
trmA,AGGCG,ATGACATGTACTACATCATGTTTAATCAAGAG,34,coding,Yes
trmA,TGACA,TGTACTACATCATGTTTAATCAAGAGACGCGC,35,coding,Yes
trmA,GTACT,ACATCATGTTTAATCAAGAGACGCGCGAAAAG,36,coding,Yes
trmA,CTACA,TCATGTTTAATCAAGAGACGCGCGAAAAGTAC,37,coding,Yes
trmA,CATCA,TGTTTAATCAAGAGACGCGCGAAAAGTACCGC,38,coding,Yes
trmA,AATCA,AGAGACGCGCGAAAAGTACCGCGTGGATCAAT,39,coding,Yes
trmA,AGACG,CGCGAAAAGTACCGCGTGGATCAATTTCCAGC,40,coding,Yes
trmA,ACGCG,CGAAAAGTACCGCGTGGATCAATTTCCAGCGG,41,coding,Yes
trmA,GCGCG,AAAAGTACCGCGTGGATCAATTTCCAGCGGCG,42,coding,Yes
trmA,GTACC,GCGTGGATCAATTTCCAGCGGCGAGCCGCCTG,43,coding,Yes
trmA,TACCG,CGTGGATCAATTTCCAGCGGCGAGCCGCCTGA,44,coding,Yes
trmA,CCGCG,TGGATCAATTTCCAGCGGCGAGCCGCCTGATT,45,coding,Yes
trmA,GATCA,ATTTCCAGCGGCGAGCCGCCTGATTAACGATT,46,coding,Yes
trmA,TTTCC,AGCGGCGAGCCGCCTGATTAACGATTTGATGC,47,coding,Yes
trmA,TTCCA,GCGGCGAGCCGCCTGATTAACGATTTGATGCC,48,coding,Yes
trmA,CAGCG,GCGAGCCGCCTGATTAACGATTTGATGCCTCT,49,coding,Yes
trmA,CGGCG,AGCCGCCTGATTAACGATTTGATGCCTCTTCT,50,coding,Yes
trmA,GAGCC,GCCTGATTAACGATTTGATGCCTCTTCTGATG,51,coding,Yes
trmA,AGCCG,CCTGATTAACGATTTGATGCCTCTTCTGATGG,52,coding,Yes
trmA,CCGCC,TGATTAACGATTTGATGCCTCTTCTGATGGAT,53,coding,Yes
trmA,CGCCT,GATTAACGATTTGATGCCTCTTCTGATGGATG,54,coding,Yes
trmA,TAACG,ATTTGATGCCTCTTCTGATGGATGCCATGAAA,55,coding,Yes
trmA,ATGCC,TCTTCTGATGGATGCCATGAAAGGCAGCCCTA,56,coding,Yes
trmA,TGCCT,CTTCTGATGGATGCCATGAAAGGCAGCCCTAT,57,coding,Yes
trmA,CCTCT,TCTGATGGATGCCATGAAAGGCAGCCCTATTC,58,coding,Yes
trmA,CTTCT,GATGGATGCCATGAAAGGCAGCCCTATTCTGC,59,coding,Yes
trmA,ATGCC,ATGAAAGGCAGCCCTATTCTGCGCCATAAACT,60,coding,Yes
trmA,TGCCA,TGAAAGGCAGCCCTATTCTGCGCCATAAACTG,61,coding,Yes
trmA,AGGCA,GCCCTATTCTGCGCCATAAACTGTTTCAGGTT,62,coding,Yes
trmA,CAGCC,CTATTCTGCGCCATAAACTGTTTCAGGTTGAT,63,coding,Yes
trmA,AGCCC,TATTCTGCGCCATAAACTGTTTCAGGTTGATT,64,coding,Yes
trmA,GCCCT,ATTCTGCGCCATAAACTGTTTCAGGTTGATTT,65,coding,Yes
trmA,ATTCT,GCGCCATAAACTGTTTCAGGTTGATTTCCTCT,66,coding,Yes
trmA,CTGCG,CCATAAACTGTTTCAGGTTGATTTCCTCTCAA,67,coding,Yes
trmA,GCGCC,ATAAACTGTTTCAGGTTGATTTCCTCTCAACC,68,coding,Yes
trmA,CGCCA,TAAACTGTTTCAGGTTGATTTCCTCTCAACCC,69,coding,Yes
trmA,AAACT,GTTTCAGGTTGATTTCCTCTCAACCCTCAGTG,70,coding,Yes
trmA,TTTCA,GGTTGATTTCCTCTCAACCCTCAGTGGCGAGA,71,coding,Yes
trmA,TTTCC,TCTCAACCCTCAGTGGCGAGATTTTGGTTTCA,72,coding,Yes
trmA,TTCCT,CTCAACCCTCAGTGGCGAGATTTTGGTTTCAC,73,coding,Yes
trmA,CCTCT,CAACCCTCAGTGGCGAGATTTTGGTTTCACTG,74,coding,Yes
trmA,TCTCA,ACCCTCAGTGGCGAGATTTTGGTTTCACTGCT,75,coding,Yes
trmA,CAACC,CTCAGTGGCGAGATTTTGGTTTCACTGCTGTA,76,coding,Yes
trmA,AACCC,TCAGTGGCGAGATTTTGGTTTCACTGCTGTAC,77,coding,Yes
trmA,ACCCT,CAGTGGCGAGATTTTGGTTTCACTGCTGTACC,78,coding,Yes
trmA,CCTCA,GTGGCGAGATTTTGGTTTCACTGCTGTACCAT,79,coding,Yes
trmA,TGGCG,AGATTTTGGTTTCACTGCTGTACCATCGACAA,80,coding,Yes
trmA,TTTCA,CTGCTGTACCATCGACAACTCAGCGAAGAATG,81,coding,Yes
trmA,TCACT,GCTGTACCATCGACAACTCAGCGAAGAATGGA,82,coding,Yes
trmA,CTGCT,GTACCATCGACAACTCAGCGAAGAATGGATCA,83,coding,Yes
trmA,GTACC,ATCGACAACTCAGCGAAGAATGGATCACTGCA,84,coding,Yes
trmA,TACCA,TCGACAACTCAGCGAAGAATGGATCACTGCAG,85,coding,Yes
trmA,CATCG,ACAACTCAGCGAAGAATGGATCACTGCAGCGC,86,coding,Yes
trmA,CGACA,ACTCAGCGAAGAATGGATCACTGCAGCGCAAG,87,coding,Yes
trmA,CAACT,CAGCGAAGAATGGATCACTGCAGCGCAAGCTC,88,coding,Yes
trmA,ACTCA,GCGAAGAATGGATCACTGCAGCGCAAGCTCTC,89,coding,Yes
trmA,CAGCG,AAGAATGGATCACTGCAGCGCAAGCTCTCAAA,90,coding,Yes
trmA,GATCA,CTGCAGCGCAAGCTCTCAAACAGCGCCTGAAC,91,coding,Yes
trmA,TCACT,GCAGCGCAAGCTCTCAAACAGCGCCTGAACGA,92,coding,Yes
trmA,CTGCA,GCGCAAGCTCTCAAACAGCGCCTGAACGATGA,93,coding,Yes
trmA,CAGCG,CAAGCTCTCAAACAGCGCCTGAACGATGAAGG,94,coding,Yes
trmA,GCGCA,AGCTCTCAAACAGCGCCTGAACGATGAAGGGT,95,coding,Yes
trmA,AAGCT,CTCAAACAGCGCCTGAACGATGAAGGGTTCAA,96,coding,Yes
trmA,GCTCT,CAAACAGCGCCTGAACGATGAAGGGTTCAACC,97,coding,Yes
trmA,TCTCA,AACAGCGCCTGAACGATGAAGGGTTCAACCTG,98,coding,Yes
trmA,AAACA,GCGCCTGAACGATGAAGGGTTCAACCTGAACT,99,coding,Yes
trmA,CAGCG,CCTGAACGATGAAGGGTTCAACCTGAACTTAA,100,coding,Yes
trmA,GCGCC,TGAACGATGAAGGGTTCAACCTGAACTTAATC,101,coding,Yes
trmA,CGCCT,GAACGATGAAGGGTTCAACCTGAACTTAATCG,102,coding,Yes
trmA,GAACG,ATGAAGGGTTCAACCTGAACTTAATCGGCCGT,103,coding,Yes
trmA,GTTCA,ACCTGAACTTAATCGGCCGTGCTCGCAAAATG,104,coding,Yes
trmA,CAACC,TGAACTTAATCGGCCGTGCTCGCAAAATGAAA,105,coding,Yes
trmA,AACCT,GAACTTAATCGGCCGTGCTCGCAAAATGAAAG,106,coding,Yes
trmA,GAACT,TAATCGGCCGTGCTCGCAAAATGAAAGTAGTG,107,coding,Yes
trmA,AATCG,GCCGTGCTCGCAAAATGAAAGTAGTGCTGGAT,108,coding,Yes
trmA,CGGCC,GTGCTCGCAAAATGAAAGTAGTGCTGGATCGT,109,coding,Yes
trmA,GGCCG,TGCTCGCAAAATGAAAGTAGTGCTGGATCGTG,110,coding,Yes
trmA,GTGCT,CGCAAAATGAAAGTAGTGCTGGATCGTGATTA,111,coding,Yes
trmA,GCTCG,CAAAATGAAAGTAGTGCTGGATCGTGATTACG,112,coding,Yes
trmA,TCGCA,AAATGAAAGTAGTGCTGGATCGTGATTACGTG,113,coding,Yes
trmA,GTGCT,GGATCGTGATTACGTGGTGGAGAAATTACAGG,114,coding,No
trmA,GATCG,TGATTACGTGGTGGAGAAATTACAGGTCAATG,115,coding,No
trmA,TTACG,TGGTGGAGAAATTACAGGTCAATGGCCAGCCT,116,coding,No
trmA,TTACA,GGTCAATGGCCAGCCTTATGTATATAAGCAAG,117,coding,No
trmA,GGTCA,ATGGCCAGCCTTATGTATATAAGCAAGTCGAA,118,coding,No
trmA,TGGCC,AGCCTTATGTATATAAGCAAGTCGAAAACAGT,119,coding,No
trmA,GGCCA,GCCTTATGTATATAAGCAAGTCGAAAACAGTT,120,coding,No
trmA,CAGCC,TTATGTATATAAGCAAGTCGAAAACAGTTTTA,121,coding,No
trmA,AGCCT,TATGTATATAAGCAAGTCGAAAACAGTTTTAC,122,coding,No
trmA,AAGCA,AGTCGAAAACAGTTTTACCCAACCTAACGCGA,123,coding,No
trmA,AGTCG,AAAACAGTTTTACCCAACCTAACGCGAAGGTC,124,coding,No
trmA,AAACA,GTTTTACCCAACCTAACGCGAAGGTCGCCGAA,125,coding,No
trmA,TTACC,CAACCTAACGCGAAGGTCGCCGAAAAAATGTT,126,coding,No
trmA,TACCC,AACCTAACGCGAAGGTCGCCGAAAAAATGTTG,127,coding,No
trmA,ACCCA,ACCTAACGCGAAGGTCGCCGAAAAAATGTTGG,128,coding,No
trmA,CAACC,TAACGCGAAGGTCGCCGAAAAAATGTTGGAGT,129,coding,No
trmA,AACCT,AACGCGAAGGTCGCCGAAAAAATGTTGGAGTG,130,coding,No
trmA,TAACG,CGAAGGTCGCCGAAAAAATGTTGGAGTGGGCG,131,coding,No
trmA,ACGCG,AAGGTCGCCGAAAAAATGTTGGAGTGGGCGGT,132,coding,No
trmA,GGTCG,CCGAAAAAATGTTGGAGTGGGCGGTCGATTGT,133,coding,No
trmA,TCGCC,GAAAAAATGTTGGAGTGGGCGGTCGATTGTAC,134,coding,No
trmA,CGCCG,AAAAAATGTTGGAGTGGGCGGTCGATTGTACT,135,coding,No
trmA,GGGCG,GTCGATTGTACTCAAGAGAGCAAGGGGGATTT,136,coding,No
trmA,GGTCG,ATTGTACTCAAGAGAGCAAGGGGGATTTGCTT,137,coding,No
trmA,GTACT,CAAGAGAGCAAGGGGGATTTGCTTGAACTGTA,138,coding,No
trmA,ACTCA,AGAGAGCAAGGGGGATTTGCTTGAACTGTATT,139,coding,No
trmA,GAGCA,AGGGGGATTTGCTTGAACTGTATTGTGGTAAC,140,coding,No
trmA,TTGCT,TGAACTGTATTGTGGTAACGGCAACTTCTCAC,141,coding,No
trmA,GAACT,GTATTGTGGTAACGGCAACTTCTCACTCGCGT,142,coding,No
trmA,TAACG,GCAACTTCTCACTCGCGTTAGCGCAAAACTTT,143,coding,No
trmA,CGGCA,ACTTCTCACTCGCGTTAGCGCAAAACTTTGAG,144,coding,No
trmA,CAACT,TCTCACTCGCGTTAGCGCAAAACTTTGAGCGT,145,coding,No
trmA,CTTCT,CACTCGCGTTAGCGCAAAACTTTGAGCGTGTA,146,coding,No
trmA,TCTCA,CTCGCGTTAGCGCAAAACTTTGAGCGTGTACT,147,coding,No
trmA,TCACT,CGCGTTAGCGCAAAACTTTGAGCGTGTACTGG,148,coding,No
trmA,ACTCG,CGTTAGCGCAAAACTTTGAGCGTGTACTGGCA,149,coding,No
trmA,TCGCG,TTAGCGCAAAACTTTGAGCGTGTACTGGCAAC,150,coding,No
trmA,TAGCG,CAAAACTTTGAGCGTGTACTGGCAACCGAATT,151,coding,No
trmA,GCGCA,AAACTTTGAGCGTGTACTGGCAACCGAATTAG,152,coding,No
trmA,AAACT,TTGAGCGTGTACTGGCAACCGAATTAGCCAAA,153,coding,No
trmA,GAGCG,TGTACTGGCAACCGAATTAGCCAAACCTTCTG,154,coding,No
trmA,GTACT,GGCAACCGAATTAGCCAAACCTTCTGTAGAAG,155,coding,No
trmA,TGGCA,ACCGAATTAGCCAAACCTTCTGTAGAAGCTGC,156,coding,No
trmA,CAACC,GAATTAGCCAAACCTTCTGTAGAAGCTGCGCA,157,coding,No
trmA,AACCG,AATTAGCCAAACCTTCTGTAGAAGCTGCGCAA,158,coding,No
trmA,TAGCC,AAACCTTCTGTAGAAGCTGCGCAATTTAATAT,159,coding,No
trmA,AGCCA,AACCTTCTGTAGAAGCTGCGCAATTTAATATT,160,coding,No
trmA,AAACC,TTCTGTAGAAGCTGCGCAATTTAATATTGCCG,161,coding,No
trmA,AACCT,TCTGTAGAAGCTGCGCAATTTAATATTGCCGC,162,coding,No
trmA,CTTCT,GTAGAAGCTGCGCAATTTAATATTGCCGCGAA,163,coding,No
trmA,AAGCT,GCGCAATTTAATATTGCCGCGAACCAGATCGG,164,coding,No
trmA,CTGCG,CAATTTAATATTGCCGCGAACCAGATCGGCAA,165,coding,No
trmA,GCGCA,ATTTAATATTGCCGCGAACCAGATCGGCAACG,166,coding,No
trmA,TTGCC,GCGAACCAGATCGGCAACGTGCAGATCATTCG,167,coding,No
trmA,TGCCG,CGAACCAGATCGGCAACGTGCAGATCATTCGC,168,coding,No
trmA,CCGCG,AACCAGATCGGCAACGTGCAGATCATTCGCAT,169,coding,No
trmA,GAACC,AGATCGGCAACGTGCAGATCATTCGCATGTCA,170,coding,No
trmA,AACCA,GATCGGCAACGTGCAGATCATTCGCATGTCAG,171,coding,No
trmA,GATCG,GCAACGTGCAGATCATTCGCATGTCAGCAGAA,172,coding,No
trmA,CGGCA,ACGTGCAGATCATTCGCATGTCAGCAGAAGAG,173,coding,No
trmA,CAACG,TGCAGATCATTCGCATGTCAGCAGAAGAGTTT,174,coding,No
trmA,GTGCA,GATCATTCGCATGTCAGCAGAAGAGTTTACTC,175,coding,No
trmA,GATCA,TTCGCATGTCAGCAGAAGAGTTTACTCAGGCG,176,coding,No
trmA,ATTCG,CATGTCAGCAGAAGAGTTTACTCAGGCGATGG,177,coding,No
trmA,TCGCA,TGTCAGCAGAAGAGTTTACTCAGGCGATGGAA,178,coding,No
trmA,TGTCA,GCAGAAGAGTTTACTCAGGCGATGGAAGGTAA,179,coding,No
trmA,CAGCA,GAAGAGTTTACTCAGGCGATGGAAGGTAAACG,180,coding,No
trmA,TTACT,CAGGCGATGGAAGGTAAACGCGAATTCAATCG,181,coding,No
trmA,ACTCA,GGCGATGGAAGGTAAACGCGAATTCAATCGTT,182,coding,No
trmA,AGGCG,ATGGAAGGTAAACGCGAATTCAATCGTTTGAA,183,coding,No
trmA,AAACG,CGAATTCAATCGTTTGAAGGATGCGGGAGTCG,184,coding,No
trmA,ACGCG,AATTCAATCGTTTGAAGGATGCGGGAGTCGAT,185,coding,No
trmA,ATTCA,ATCGTTTGAAGGATGCGGGAGTCGATCTGCAA,186,coding,No
trmA,AATCG,TTTGAAGGATGCGGGAGTCGATCTGCAAAGCT,187,coding,No
trmA,ATGCG,GGAGTCGATCTGCAAAGCTACCGTTGCAACAC,188,coding,No
trmA,AGTCG,ATCTGCAAAGCTACCGTTGCAACACTATTTTT,189,coding,No
trmA,GATCT,GCAAAGCTACCGTTGCAACACTATTTTTGTCG,190,coding,No
trmA,CTGCA,AAGCTACCGTTGCAACACTATTTTTGTCGACC,191,coding,No
trmA,AAGCT,ACCGTTGCAACACTATTTTTGTCGACCCACCA,192,coding,No
trmA,CTACC,GTTGCAACACTATTTTTGTCGACCCACCACGC,193,coding,No
trmA,TACCG,TTGCAACACTATTTTTGTCGACCCACCACGCT,194,coding,No
trmA,TTGCA,ACACTATTTTTGTCGACCCACCACGCTCAGGC,195,coding,No
trmA,CAACA,CTATTTTTGTCGACCCACCACGCTCAGGCATG,196,coding,No
trmA,ACACT,ATTTTTGTCGACCCACCACGCTCAGGCATGGA,197,coding,No
trmA,TGTCG,ACCCACCACGCTCAGGCATGGATATCGACACT,198,coding,No
trmA,CGACC,CACCACGCTCAGGCATGGATATCGACACTTGT,199,coding,No
trmA,GACCC,ACCACGCTCAGGCATGGATATCGACACTTGTA,200,coding,No
trmA,ACCCA,CCACGCTCAGGCATGGATATCGACACTTGTAA,201,coding,No
trmA,CCACC,ACGCTCAGGCATGGATATCGACACTTGTAAAA,202,coding,No
trmA,CACCA,CGCTCAGGCATGGATATCGACACTTGTAAAAT,203,coding,No
trmA,CCACG,CTCAGGCATGGATATCGACACTTGTAAAATGG,204,coding,No
trmA,ACGCT,CAGGCATGGATATCGACACTTGTAAAATGGTG,205,coding,No
trmA,GCTCA,GGCATGGATATCGACACTTGTAAAATGGTGCA,206,coding,No
trmA,AGGCA,TGGATATCGACACTTGTAAAATGGTGCAAGGT,207,coding,No
trmA,TATCG,ACACTTGTAAAATGGTGCAAGGTTATGAGCGC,208,coding,No
trmA,CGACA,CTTGTAAAATGGTGCAAGGTTATGAGCGCATT,209,coding,No
trmA,ACACT,TGTAAAATGGTGCAAGGTTATGAGCGCATTCT,210,coding,No
trmA,GTGCA,AGGTTATGAGCGCATTCTGTACATCTCTTGTA,211,coding,No
trmA,GAGCG,CATTCTGTACATCTCTTGTAACCCAGAAACAC,212,coding,No
trmA,GCGCA,TTCTGTACATCTCTTGTAACCCAGAAACACTG,213,coding,No
trmA,ATTCT,GTACATCTCTTGTAACCCAGAAACACTGAAAG,214,coding,No
trmA,GTACA,TCTCTTGTAACCCAGAAACACTGAAAGAGAAC,215,coding,No
trmA,CATCT,CTTGTAACCCAGAAACACTGAAAGAGAACTTA,216,coding,No
trmA,TCTCT,TGTAACCCAGAAACACTGAAAGAGAACTTACA,217,coding,No
trmA,TAACC,CAGAAACACTGAAAGAGAACTTACAAGTCTTG,218,coding,No
trmA,AACCC,AGAAACACTGAAAGAGAACTTACAAGTCTTGG,219,coding,No
trmA,ACCCA,GAAACACTGAAAGAGAACTTACAAGTCTTGGG,220,coding,No
trmA,AAACA,CTGAAAGAGAACTTACAAGTCTTGGGGGAAAC,221,coding,No
trmA,ACACT,GAAAGAGAACTTACAAGTCTTGGGGGAAACCC,222,coding,No
trmA,GAACT,TACAAGTCTTGGGGGAAACCCATCAAGTGGTG,223,coding,No
trmA,TTACA,AGTCTTGGGGGAAACCCATCAAGTGGTGCGCT,224,coding,No
trmA,AGTCT,TGGGGGAAACCCATCAAGTGGTGCGCTTTGCT,225,coding,No
trmA,AAACC,CATCAAGTGGTGCGCTTTGCTCTCTTCGACCA,226,coding,No
trmA,AACCC,ATCAAGTGGTGCGCTTTGCTCTCTTCGACCAA,227,coding,No
trmA,ACCCA,TCAAGTGGTGCGCTTTGCTCTCTTCGACCAAT,228,coding,No
trmA,CATCA,AGTGGTGCGCTTTGCTCTCTTCGACCAATTTC,229,coding,No
trmA,GTGCG,CTTTGCTCTCTTCGACCAATTTCCTTACACCC,230,coding,No
trmA,GCGCT,TTGCTCTCTTCGACCAATTTCCTTACACCCAC,231,coding,No
trmA,TTGCT,CTCTTCGACCAATTTCCTTACACCCACCACAT,232,coding,No
trmA,GCTCT,CTTCGACCAATTTCCTTACACCCACCACATGG,233,coding,No
trmA,TCTCT,TCGACCAATTTCCTTACACCCACCACATGGAA,234,coding,No
trmA,CTTCG,ACCAATTTCCTTACACCCACCACATGGAAGCG,235,coding,No
trmA,CGACC,AATTTCCTTACACCCACCACATGGAAGCGGGT,236,coding,No
trmA,GACCA,ATTTCCTTACACCCACCACATGGAAGCGGGTG,237,coding,No
trmA,TTTCC,TTACACCCACCACATGGAAGCGGGTGTGATGT,238,coding,No
trmA,TTCCT,TACACCCACCACATGGAAGCGGGTGTGATGTT,239,coding,No
trmA,TTACA,CCCACCACATGGAAGCGGGTGTGATGTTAGAA,240,coding,No
trmA,ACACC,CACCACATGGAAGCGGGTGTGATGTTAGAACG,241,coding,No
trmA,CACCC,ACCACATGGAAGCGGGTGTGATGTTAGAACGC,242,coding,No
trmA,ACCCA,CCACATGGAAGCGGGTGTGATGTTAGAACGCA,243,coding,No
trmA,CCACC,ACATGGAAGCGGGTGTGATGTTAGAACGCAAA,244,coding,No
trmA,CACCA,CATGGAAGCGGGTGTGATGTTAGAACGCAAAA,245,coding,No
trmA,CCACA,TGGAAGCGGGTGTGATGTTAGAACGCAAAAAG,246,coding,No
trmA,TTACT,TTTTGCGTTCTAACATCACACCCGCTTCCATG,247,template,No
trmA,TTGCG,TTCTAACATCACACCCGCTTCCATGTGGTGGG,248,template,No
trmA,GTTCT,AACATCACACCCGCTTCCATGTGGTGGGTGTA,249,template,No
trmA,TAACA,TCACACCCGCTTCCATGTGGTGGGTGTAAGGA,250,template,No
trmA,CATCA,CACCCGCTTCCATGTGGTGGGTGTAAGGAAAT,251,template,No
trmA,TCACA,CCCGCTTCCATGTGGTGGGTGTAAGGAAATTG,252,template,No
trmA,ACACC,CGCTTCCATGTGGTGGGTGTAAGGAAATTGGT,253,template,No
trmA,CACCC,GCTTCCATGTGGTGGGTGTAAGGAAATTGGTC,254,template,No
trmA,ACCCG,CTTCCATGTGGTGGGTGTAAGGAAATTGGTCG,255,template,No
trmA,CCGCT,TCCATGTGGTGGGTGTAAGGAAATTGGTCGAA,256,template,No
trmA,CTTCC,ATGTGGTGGGTGTAAGGAAATTGGTCGAAGAG,257,template,No
trmA,TTCCA,TGTGGTGGGTGTAAGGAAATTGGTCGAAGAGA,258,template,No
trmA,GGTCG,AAGAGAGCAAAGCGCACCACTTGATGGGTTTC,259,template,No
trmA,GAGCA,AAGCGCACCACTTGATGGGTTTCCCCCAAGAC,260,template,No
trmA,AAGCG,CACCACTTGATGGGTTTCCCCCAAGACTTGTA,261,template,No
trmA,GCGCA,CCACTTGATGGGTTTCCCCCAAGACTTGTAAG,262,template,No
trmA,GCACC,ACTTGATGGGTTTCCCCCAAGACTTGTAAGTT,263,template,No
trmA,CACCA,CTTGATGGGTTTCCCCCAAGACTTGTAAGTTC,264,template,No
trmA,CCACT,TGATGGGTTTCCCCCAAGACTTGTAAGTTCTC,265,template,No
trmA,TTTCC,CCCAAGACTTGTAAGTTCTCTTTCAGTGTTTC,266,template,No
trmA,TTCCC,CCAAGACTTGTAAGTTCTCTTTCAGTGTTTCT,267,template,No
trmA,TCCCC,CAAGACTTGTAAGTTCTCTTTCAGTGTTTCTG,268,template,No
trmA,CCCCC,AAGACTTGTAAGTTCTCTTTCAGTGTTTCTGG,269,template,No
trmA,CCCCA,AGACTTGTAAGTTCTCTTTCAGTGTTTCTGGG,270,template,No
trmA,AGACT,TGTAAGTTCTCTTTCAGTGTTTCTGGGTTACA,271,template,No
trmA,GTTCT,CTTTCAGTGTTTCTGGGTTACAAGAGATGTAC,272,template,No
trmA,TCTCT,TTCAGTGTTTCTGGGTTACAAGAGATGTACAG,273,template,No
trmA,TTTCA,GTGTTTCTGGGTTACAAGAGATGTACAGAATG,274,template,No
trmA,TTTCT,GGGTTACAAGAGATGTACAGAATGCGCTCATA,275,template,No
trmA,TTACA,AGAGATGTACAGAATGCGCTCATAACCTTGCA,276,template,No
trmA,GTACA,GAATGCGCTCATAACCTTGCACCATTTTACAA,277,template,No
trmA,ATGCG,CTCATAACCTTGCACCATTTTACAAGTGTCGA,278,template,No
trmA,GCGCT,CATAACCTTGCACCATTTTACAAGTGTCGATA,279,template,No
trmA,GCTCA,TAACCTTGCACCATTTTACAAGTGTCGATATC,280,template,No
trmA,TAACC,TTGCACCATTTTACAAGTGTCGATATCCATGC,281,template,No
trmA,AACCT,TGCACCATTTTACAAGTGTCGATATCCATGCC,282,template,No
trmA,TTGCA,CCATTTTACAAGTGTCGATATCCATGCCTGAG,283,template,No
trmA,GCACC,ATTTTACAAGTGTCGATATCCATGCCTGAGCG,284,template,No
trmA,CACCA,TTTTACAAGTGTCGATATCCATGCCTGAGCGT,285,template,No
trmA,TTACA,AGTGTCGATATCCATGCCTGAGCGTGGTGGGT,286,template,No
trmA,TGTCG,ATATCCATGCCTGAGCGTGGTGGGTCGACAAA,287,template,No
trmA,TATCC,ATGCCTGAGCGTGGTGGGTCGACAAAAATAGT,288,template,No
trmA,ATCCA,TGCCTGAGCGTGGTGGGTCGACAAAAATAGTG,289,template,No
trmA,ATGCC,TGAGCGTGGTGGGTCGACAAAAATAGTGTTGC,290,template,No
trmA,TGCCT,GAGCGTGGTGGGTCGACAAAAATAGTGTTGCA,291,template,No
trmA,GAGCG,TGGTGGGTCGACAAAAATAGTGTTGCAACGGT,292,template,No
trmA,GGTCG,ACAAAAATAGTGTTGCAACGGTAGCTTTGCAG,293,template,No
trmA,CGACA,AAAATAGTGTTGCAACGGTAGCTTTGCAGATC,294,template,No
trmA,TTGCA,ACGGTAGCTTTGCAGATCGACTCCCGCATCCT,295,template,No
trmA,CAACG,GTAGCTTTGCAGATCGACTCCCGCATCCTTCA,296,template,No
trmA,TAGCT,TTGCAGATCGACTCCCGCATCCTTCAAACGAT,297,template,No
trmA,TTGCA,GATCGACTCCCGCATCCTTCAAACGATTGAAT,298,template,No
trmA,GATCG,ACTCCCGCATCCTTCAAACGATTGAATTCGCG,299,template,No
trmA,CGACT,CCCGCATCCTTCAAACGATTGAATTCGCGTTT,300,template,No
trmA,ACTCC,CGCATCCTTCAAACGATTGAATTCGCGTTTAC,301,template,No
trmA,CTCCC,GCATCCTTCAAACGATTGAATTCGCGTTTACC,302,template,No
trmA,TCCCG,CATCCTTCAAACGATTGAATTCGCGTTTACCT,303,template,No
trmA,CCGCA,TCCTTCAAACGATTGAATTCGCGTTTACCTTC,304,template,No
trmA,CATCC,TTCAAACGATTGAATTCGCGTTTACCTTCCAT,305,template,No
trmA,ATCCT,TCAAACGATTGAATTCGCGTTTACCTTCCATC,306,template,No
trmA,CTTCA,AACGATTGAATTCGCGTTTACCTTCCATCGCC,307,template,No
trmA,AAACG,ATTGAATTCGCGTTTACCTTCCATCGCCTGAG,308,template,No
trmA,ATTCG,CGTTTACCTTCCATCGCCTGAGTAAACTCTTC,309,template,No
trmA,TCGCG,TTTACCTTCCATCGCCTGAGTAAACTCTTCTG,310,template,No
trmA,TTACC,TTCCATCGCCTGAGTAAACTCTTCTGCTGACA,311,template,No
trmA,TACCT,TCCATCGCCTGAGTAAACTCTTCTGCTGACAT,312,template,No
trmA,CTTCC,ATCGCCTGAGTAAACTCTTCTGCTGACATGCG,313,template,No
trmA,TTCCA,TCGCCTGAGTAAACTCTTCTGCTGACATGCGA,314,template,No
trmA,CATCG,CCTGAGTAAACTCTTCTGCTGACATGCGAATG,315,template,No
trmA,TCGCC,TGAGTAAACTCTTCTGCTGACATGCGAATGAT,316,template,No
trmA,CGCCT,GAGTAAACTCTTCTGCTGACATGCGAATGATC,317,template,No
trmA,AAACT,CTTCTGCTGACATGCGAATGATCTGCACGTTG,318,template,No
trmA,ACTCT,TCTGCTGACATGCGAATGATCTGCACGTTGCC,319,template,No
trmA,CTTCT,GCTGACATGCGAATGATCTGCACGTTGCCGAT,320,template,No
trmA,CTGCT,GACATGCGAATGATCTGCACGTTGCCGATCTG,321,template,No
trmA,TGACA,TGCGAATGATCTGCACGTTGCCGATCTGGTTC,322,template,No
trmA,ATGCG,AATGATCTGCACGTTGCCGATCTGGTTCGCGG,323,template,No
trmA,GATCT,GCACGTTGCCGATCTGGTTCGCGGCAATATTA,324,template,No
trmA,CTGCA,CGTTGCCGATCTGGTTCGCGGCAATATTAAAT,325,template,No
trmA,GCACG,TTGCCGATCTGGTTCGCGGCAATATTAAATTG,326,template,No
trmA,TTGCC,GATCTGGTTCGCGGCAATATTAAATTGCGCAG,327,template,No
trmA,TGCCG,ATCTGGTTCGCGGCAATATTAAATTGCGCAGC,328,template,No
trmA,GATCT,GGTTCGCGGCAATATTAAATTGCGCAGCTTCT,329,template,No
trmA,GTTCG,CGGCAATATTAAATTGCGCAGCTTCTACAGAA,330,template,No
trmA,TCGCG,GCAATATTAAATTGCGCAGCTTCTACAGAAGG,331,template,No
trmA,CGGCA,ATATTAAATTGCGCAGCTTCTACAGAAGGTTT,332,template,No
trmA,TTGCG,CAGCTTCTACAGAAGGTTTGGCTAATTCGGTT,333,template,No
trmA,GCGCA,GCTTCTACAGAAGGTTTGGCTAATTCGGTTGC,334,template,No
trmA,CAGCT,TCTACAGAAGGTTTGGCTAATTCGGTTGCCAG,335,template,No
trmA,CTTCT,ACAGAAGGTTTGGCTAATTCGGTTGCCAGTAC,336,template,No
trmA,CTACA,GAAGGTTTGGCTAATTCGGTTGCCAGTACACG,337,template,No
trmA,TGGCT,AATTCGGTTGCCAGTACACGCTCAAAGTTTTG,338,template,No
trmA,ATTCG,GTTGCCAGTACACGCTCAAAGTTTTGCGCTAA,339,template,No
trmA,TTGCC,AGTACACGCTCAAAGTTTTGCGCTAACGCGAG,340,template,No
trmA,TGCCA,GTACACGCTCAAAGTTTTGCGCTAACGCGAGT,341,template,No
trmA,GTACA,CGCTCAAAGTTTTGCGCTAACGCGAGTGAGAA,342,template,No
trmA,ACACG,CTCAAAGTTTTGCGCTAACGCGAGTGAGAAGT,343,template,No
trmA,ACGCT,CAAAGTTTTGCGCTAACGCGAGTGAGAAGTTG,344,template,No
trmA,GCTCA,AAGTTTTGCGCTAACGCGAGTGAGAAGTTGCC,345,template,No
trmA,TTGCG,CTAACGCGAGTGAGAAGTTGCCGTTACCACAA,346,template,No
trmA,GCGCT,AACGCGAGTGAGAAGTTGCCGTTACCACAATA,347,template,No
trmA,TAACG,CGAGTGAGAAGTTGCCGTTACCACAATACAGT,348,template,No
trmA,ACGCG,AGTGAGAAGTTGCCGTTACCACAATACAGTTC,349,template,No
trmA,TTGCC,GTTACCACAATACAGTTCAAGCAAATCCCCCT,350,template,No
trmA,TGCCG,TTACCACAATACAGTTCAAGCAAATCCCCCTT,351,template,No
trmA,TTACC,ACAATACAGTTCAAGCAAATCCCCCTTGCTCT,352,template,No
trmA,TACCA,CAATACAGTTCAAGCAAATCCCCCTTGCTCTC,353,template,No
trmA,CCACA,ATACAGTTCAAGCAAATCCCCCTTGCTCTCTT,354,template,No
trmA,ATACA,GTTCAAGCAAATCCCCCTTGCTCTCTTGAGTA,355,template,No
trmA,GTTCA,AGCAAATCCCCCTTGCTCTCTTGAGTACAATC,356,template,No
trmA,AAGCA,AATCCCCCTTGCTCTCTTGAGTACAATCGACC,357,template,No
trmA,AATCC,CCCTTGCTCTCTTGAGTACAATCGACCGCCCA,358,template,Yes
trmA,ATCCC,CCTTGCTCTCTTGAGTACAATCGACCGCCCAC,359,template,Yes
trmA,TCCCC,CTTGCTCTCTTGAGTACAATCGACCGCCCACT,360,template,Yes
trmA,CCCCC,TTGCTCTCTTGAGTACAATCGACCGCCCACTC,361,template,Yes
trmA,CCCCT,TGCTCTCTTGAGTACAATCGACCGCCCACTCC,362,template,Yes
trmA,TTGCT,CTCTTGAGTACAATCGACCGCCCACTCCAACA,363,template,Yes
trmA,GCTCT,CTTGAGTACAATCGACCGCCCACTCCAACATT,364,template,Yes
trmA,TCTCT,TGAGTACAATCGACCGCCCACTCCAACATTTT,365,template,Yes
trmA,GTACA,ATCGACCGCCCACTCCAACATTTTTTCGGCGA,366,template,Yes
trmA,AATCG,ACCGCCCACTCCAACATTTTTTCGGCGACCTT,367,template,Yes
trmA,CGACC,GCCCACTCCAACATTTTTTCGGCGACCTTCGC,368,template,Yes
trmA,GACCG,CCCACTCCAACATTTTTTCGGCGACCTTCGCG,369,template,Yes
trmA,CCGCC,CACTCCAACATTTTTTCGGCGACCTTCGCGTT,370,template,Yes
trmA,CGCCC,ACTCCAACATTTTTTCGGCGACCTTCGCGTTA,371,template,Yes
trmA,GCCCA,CTCCAACATTTTTTCGGCGACCTTCGCGTTAG,372,template,Yes
trmA,CCACT,CCAACATTTTTTCGGCGACCTTCGCGTTAGGT,373,template,Yes
trmA,ACTCC,AACATTTTTTCGGCGACCTTCGCGTTAGGTTG,374,template,Yes
trmA,CTCCA,ACATTTTTTCGGCGACCTTCGCGTTAGGTTGG,375,template,Yes
trmA,CAACA,TTTTTTCGGCGACCTTCGCGTTAGGTTGGGTA,376,template,Yes
trmA,TTTCG,GCGACCTTCGCGTTAGGTTGGGTAAAACTGTT,377,template,Yes
trmA,CGGCG,ACCTTCGCGTTAGGTTGGGTAAAACTGTTTTC,378,template,Yes
trmA,CGACC,TTCGCGTTAGGTTGGGTAAAACTGTTTTCGAC,379,template,Yes
trmA,GACCT,TCGCGTTAGGTTGGGTAAAACTGTTTTCGACT,380,template,Yes
trmA,CTTCG,CGTTAGGTTGGGTAAAACTGTTTTCGACTTGC,381,template,Yes
trmA,TCGCG,TTAGGTTGGGTAAAACTGTTTTCGACTTGCTT,382,template,Yes
trmA,AAACT,GTTTTCGACTTGCTTATATACATAAGGCTGGC,383,template,Yes
trmA,TTTCG,ACTTGCTTATATACATAAGGCTGGCCATTGAC,384,template,Yes
trmA,CGACT,TGCTTATATACATAAGGCTGGCCATTGACCTG,385,template,Yes
trmA,TTGCT,TATATACATAAGGCTGGCCATTGACCTGTAAT,386,template,Yes
trmA,ATACA,TAAGGCTGGCCATTGACCTGTAATTTCTCCAC,387,template,Yes
trmA,AGGCT,GGCCATTGACCTGTAATTTCTCCACCACGTAA,388,template,Yes
trmA,TGGCC,ATTGACCTGTAATTTCTCCACCACGTAATCAC,389,template,Yes
trmA,GGCCA,TTGACCTGTAATTTCTCCACCACGTAATCACG,390,template,Yes
trmA,TGACC,TGTAATTTCTCCACCACGTAATCACGATCCAG,391,template,Yes
trmA,GACCT,GTAATTTCTCCACCACGTAATCACGATCCAGC,392,template,Yes
trmA,TTTCT,CCACCACGTAATCACGATCCAGCACTACTTTC,393,template,Yes
trmA,TCTCC,ACCACGTAATCACGATCCAGCACTACTTTCAT,394,template,Yes
trmA,CTCCA,CCACGTAATCACGATCCAGCACTACTTTCATT,395,template,Yes
trmA,CCACC,ACGTAATCACGATCCAGCACTACTTTCATTTT,396,template,Yes
trmA,CACCA,CGTAATCACGATCCAGCACTACTTTCATTTTG,397,template,Yes
trmA,CCACG,TAATCACGATCCAGCACTACTTTCATTTTGCG,398,template,Yes
trmA,AATCA,CGATCCAGCACTACTTTCATTTTGCGAGCACG,399,template,Yes
trmA,TCACG,ATCCAGCACTACTTTCATTTTGCGAGCACGGC,400,template,Yes
trmA,GATCC,AGCACTACTTTCATTTTGCGAGCACGGCCGAT,401,template,Yes
trmA,ATCCA,GCACTACTTTCATTTTGCGAGCACGGCCGATT,402,template,Yes
trmA,CAGCA,CTACTTTCATTTTGCGAGCACGGCCGATTAAG,403,template,Yes
trmA,GCACT,ACTTTCATTTTGCGAGCACGGCCGATTAAGTT,404,template,Yes
trmA,CTACT,TTCATTTTGCGAGCACGGCCGATTAAGTTCAG,405,template,Yes
trmA,TTTCA,TTTTGCGAGCACGGCCGATTAAGTTCAGGTTG,406,template,Yes
trmA,TTGCG,AGCACGGCCGATTAAGTTCAGGTTGAACCCTT,407,template,Yes
trmA,GAGCA,CGGCCGATTAAGTTCAGGTTGAACCCTTCATC,408,template,Yes
trmA,GCACG,GCCGATTAAGTTCAGGTTGAACCCTTCATCGT,409,template,Yes
trmA,CGGCC,GATTAAGTTCAGGTTGAACCCTTCATCGTTCA,410,template,Yes
trmA,GGCCG,ATTAAGTTCAGGTTGAACCCTTCATCGTTCAG,411,template,Yes
trmA,GTTCA,GGTTGAACCCTTCATCGTTCAGGCGCTGTTTG,412,template,Yes
trmA,GAACC,CTTCATCGTTCAGGCGCTGTTTGAGAGCTTGC,413,template,Yes
trmA,AACCC,TTCATCGTTCAGGCGCTGTTTGAGAGCTTGCG,414,template,Yes
trmA,ACCCT,TCATCGTTCAGGCGCTGTTTGAGAGCTTGCGC,415,template,Yes
trmA,CTTCA,TCGTTCAGGCGCTGTTTGAGAGCTTGCGCTGC,416,template,Yes
trmA,CATCG,TTCAGGCGCTGTTTGAGAGCTTGCGCTGCAGT,417,template,Yes
trmA,GTTCA,GGCGCTGTTTGAGAGCTTGCGCTGCAGTGATC,418,template,Yes
trmA,AGGCG,CTGTTTGAGAGCTTGCGCTGCAGTGATCCATT,419,template,Yes
trmA,GCGCT,GTTTGAGAGCTTGCGCTGCAGTGATCCATTCT,420,template,Yes
trmA,GAGCT,TGCGCTGCAGTGATCCATTCTTCGCTGAGTTG,421,template,Yes
trmA,TTGCG,CTGCAGTGATCCATTCTTCGCTGAGTTGTCGA,422,template,Yes
trmA,GCGCT,GCAGTGATCCATTCTTCGCTGAGTTGTCGATG,423,template,Yes
trmA,CTGCA,GTGATCCATTCTTCGCTGAGTTGTCGATGGTA,424,template,Yes
trmA,GATCC,ATTCTTCGCTGAGTTGTCGATGGTACAGCAGT,425,template,Yes
trmA,ATCCA,TTCTTCGCTGAGTTGTCGATGGTACAGCAGTG,426,template,Yes
trmA,ATTCT,TCGCTGAGTTGTCGATGGTACAGCAGTGAAAC,427,template,Yes
trmA,CTTCG,CTGAGTTGTCGATGGTACAGCAGTGAAACCAA,428,template,Yes
trmA,TCGCT,GAGTTGTCGATGGTACAGCAGTGAAACCAAAA,429,template,Yes
trmA,TGTCG,ATGGTACAGCAGTGAAACCAAAATCTCGCCAC,430,template,Yes
trmA,GTACA,GCAGTGAAACCAAAATCTCGCCACTGAGGGTT,431,template,Yes
trmA,CAGCA,GTGAAACCAAAATCTCGCCACTGAGGGTTGAG,432,template,Yes
trmA,AAACC,AAAATCTCGCCACTGAGGGTTGAGAGGAAATC,433,template,Yes
trmA,AACCA,AAATCTCGCCACTGAGGGTTGAGAGGAAATCA,434,template,Yes
trmA,AATCT,CGCCACTGAGGGTTGAGAGGAAATCAACCTGA,435,template,Yes
trmA,TCTCG,CCACTGAGGGTTGAGAGGAAATCAACCTGAAA,436,template,Yes
trmA,TCGCC,ACTGAGGGTTGAGAGGAAATCAACCTGAAACA,437,template,Yes
trmA,CGCCA,CTGAGGGTTGAGAGGAAATCAACCTGAAACAG,438,template,Yes
trmA,CCACT,GAGGGTTGAGAGGAAATCAACCTGAAACAGTT,439,template,Yes
trmA,AATCA,ACCTGAAACAGTTTATGGCGCAGAATAGGGCT,440,template,Yes
trmA,CAACC,TGAAACAGTTTATGGCGCAGAATAGGGCTGCC,441,template,Yes
trmA,AACCT,GAAACAGTTTATGGCGCAGAATAGGGCTGCCT,442,template,Yes
trmA,AAACA,GTTTATGGCGCAGAATAGGGCTGCCTTTCATG,443,template,Yes
trmA,TGGCG,CAGAATAGGGCTGCCTTTCATGGCATCCATCA,444,template,Yes
trmA,GCGCA,GAATAGGGCTGCCTTTCATGGCATCCATCAGA,445,template,Yes
trmA,GGGCT,GCCTTTCATGGCATCCATCAGAAGAGGCATCA,446,template,Yes
trmA,CTGCC,TTTCATGGCATCCATCAGAAGAGGCATCAAAT,447,template,Yes
trmA,TGCCT,TTCATGGCATCCATCAGAAGAGGCATCAAATC,448,template,Yes
trmA,TTTCA,TGGCATCCATCAGAAGAGGCATCAAATCGTTA,449,template,Yes
trmA,TGGCA,TCCATCAGAAGAGGCATCAAATCGTTAATCAG,450,template,Yes
trmA,CATCC,ATCAGAAGAGGCATCAAATCGTTAATCAGGCG,451,template,Yes
trmA,ATCCA,TCAGAAGAGGCATCAAATCGTTAATCAGGCGG,452,template,Yes
trmA,CATCA,GAAGAGGCATCAAATCGTTAATCAGGCGGCTC,453,template,Yes
trmA,AGGCA,TCAAATCGTTAATCAGGCGGCTCGCCGCTGGA,454,template,Yes
trmA,CATCA,AATCGTTAATCAGGCGGCTCGCCGCTGGAAAT,455,template,Yes
trmA,AATCG,TTAATCAGGCGGCTCGCCGCTGGAAATTGATC,456,template,Yes
trmA,AATCA,GGCGGCTCGCCGCTGGAAATTGATCCACGCGG,457,template,Yes
trmA,AGGCG,GCTCGCCGCTGGAAATTGATCCACGCGGTACT,458,template,Yes
trmA,CGGCT,CGCCGCTGGAAATTGATCCACGCGGTACTTTT,459,template,Yes
trmA,GCTCG,CCGCTGGAAATTGATCCACGCGGTACTTTTCG,460,template,Yes
trmA,TCGCC,GCTGGAAATTGATCCACGCGGTACTTTTCGCG,461,template,Yes
trmA,CGCCG,CTGGAAATTGATCCACGCGGTACTTTTCGCGC,462,template,Yes
trmA,CCGCT,GGAAATTGATCCACGCGGTACTTTTCGCGCGT,463,template,Yes
trmA,GATCC,ACGCGGTACTTTTCGCGCGTCTCTTGATTAAA,464,template,Yes
trmA,ATCCA,CGCGGTACTTTTCGCGCGTCTCTTGATTAAAC,465,template,Yes
trmA,CCACG,CGGTACTTTTCGCGCGTCTCTTGATTAAACAT,466,template,Yes
trmA,ACGCG,GTACTTTTCGCGCGTCTCTTGATTAAACATGA,467,template,Yes
trmA,GTACT,TTTCGCGCGTCTCTTGATTAAACATGATGTAG,468,template,Yes
trmA,TTTCG,CGCGTCTCTTGATTAAACATGATGTAGTACAT,469,template,Yes
trmA,TCGCG,CGTCTCTTGATTAAACATGATGTAGTACATGT,470,template,Yes
trmA,GCGCG,TCTCTTGATTAAACATGATGTAGTACATGTCA,471,template,Yes
trmA,CGTCT,CTTGATTAAACATGATGTAGTACATGTCATCG,472,template,Yes
trmA,TCTCT,TGATTAAACATGATGTAGTACATGTCATCGCC,473,template,Yes
trmA,AAACA,TGATGTAGTACATGTCATCGCCTTCATGCCAA,474,template,Yes
trmA,GTACA,TGTCATCGCCTTCATGCCAAATCCGAAATTCA,475,template,Yes
trmA,TGTCA,TCGCCTTCATGCCAAATCCGAAATTCAGCACG,476,template,Yes
trmA,CATCG,CCTTCATGCCAAATCCGAAATTCAGCACGCAT,477,template,Yes
trmA,TCGCC,TTCATGCCAAATCCGAAATTCAGCACGCATAC,478,template,Yes
trmA,CGCCT,TCATGCCAAATCCGAAATTCAGCACGCATACG,479,template,Yes
trmA,CTTCA,TGCCAAATCCGAAATTCAGCACGCATACGATA,480,template,Yes
trmA,ATGCC,AAATCCGAAATTCAGCACGCATACGATAATTC,481,template,Yes
trmA,TGCCA,AATCCGAAATTCAGCACGCATACGATAATTCA,482,template,No
trmA,AATCC,GAAATTCAGCACGCATACGATAATTCACCACT,483,template,No
trmA,ATCCG,AAATTCAGCACGCATACGATAATTCACCACTG,484,template,No
trmA,ATTCA,GCACGCATACGATAATTCACCACTGGCGACTC,485,template,No
trmA,CAGCA,CGCATACGATAATTCACCACTGGCGACTCAAA,486,template,No
trmA,GCACG,CATACGATAATTCACCACTGGCGACTCAAACA,487,template,No
trmA,ACGCA,TACGATAATTCACCACTGGCGACTCAAACACT,488,template,No
trmA,ATACG,ATAATTCACCACTGGCGACTCAAACACTTCCA,489,template,No
trmA,ATTCA,CCACTGGCGACTCAAACACTTCCAGCTCAGGC,490,template,No
trmA,TCACC,ACTGGCGACTCAAACACTTCCAGCTCAGGCAT,491,template,No
trmA,CACCA,CTGGCGACTCAAACACTTCCAGCTCAGGCATG,492,template,No
trmA,CCACT,GGCGACTCAAACACTTCCAGCTCAGGCATGGA,493,template,No
trmA,TGGCG,ACTCAAACACTTCCAGCTCAGGCATGGAGTAA,494,template,No
trmA,CGACT,CAAACACTTCCAGCTCAGGCATGGAGTAATCA,495,template,No
trmA,ACTCA,AACACTTCCAGCTCAGGCATGGAGTAATCAAC,496,template,No
trmA,AAACA,CTTCCAGCTCAGGCATGGAGTAATCAACAAAC,497,template,No
trmA,ACACT,TCCAGCTCAGGCATGGAGTAATCAACAAACAT,498,template,No
trmA,CTTCC,AGCTCAGGCATGGAGTAATCAACAAACATCGC,499,template,No
trmA,TTCCA,GCTCAGGCATGGAGTAATCAACAAACATCGCT,500,template,No
trmA,CAGCT,CAGGCATGGAGTAATCAACAAACATCGCTTTT,501,template,No
trmA,GCTCA,GGCATGGAGTAATCAACAAACATCGCTTTTAA,502,template,No
trmA,AGGCA,TGGAGTAATCAACAAACATCGCTTTTAAACGG,503,template,No
trmA,AATCA,ACAAACATCGCTTTTAAACGGGCGATTTTGTC,504,template,No
trmA,CAACA,AACATCGCTTTTAAACGGGCGATTTTGTCTGC,505,template,No
trmA,AAACA,TCGCTTTTAAACGGGCGATTTTGTCTGCCAAT,506,template,No
trmA,CATCG,CTTTTAAACGGGCGATTTTGTCTGCCAATTGA,507,template,No
trmA,TCGCT,TTTAAACGGGCGATTTTGTCTGCCAATTGAGC,508,template,No
trmA,AAACG,GGCGATTTTGTCTGCCAATTGAGCTTGGTAGA,509,template,No
trmA,GGGCG,ATTTTGTCTGCCAATTGAGCTTGGTAGAGTTC,510,template,No
trmA,TGTCT,GCCAATTGAGCTTGGTAGAGTTCAGGGTTTAC,511,template,No
trmA,CTGCC,AATTGAGCTTGGTAGAGTTCAGGGTTTACATC,512,template,No
trmA,TGCCA,ATTGAGCTTGGTAGAGTTCAGGGTTTACATCA,513,template,No
trmA,GAGCT,TGGTAGAGTTCAGGGTTTACATCAAGAGTCGC,514,template,No
