gene,pam_region,guide_sequence,proba_pos,pred_label_thr,proba_rank
crcB,TGTCA,TTCGCGATATTGGGTTTTATTGCTTTAGGCGG,0.26080018,0,168.0
crcB,ATTCG,CGATATTGGGTTTTATTGCTTTAGGCGGCGCG,0.043369234,0,12.0
crcB,TCGCG,ATATTGGGTTTTATTGCTTTAGGCGGCGCGGT,0.27155843,0,182.0
crcB,TTGCT,TTAGGCGGCGCGGTTGGTGCTTGCGCTCGTTT,0.15564243,0,100.0
crcB,AGGCG,GCGCGGTTGGTGCTTGCGCTCGTTTCTTAGTG,0.06536097,0,25.0
crcB,CGGCG,CGGTTGGTGCTTGCGCTCGTTTCTTAGTGTCC,0.105463244,0,63.0
crcB,GCGCG,GTTGGTGCTTGCGCTCGTTTCTTAGTGTCCGA,0.103096716,0,60.0
crcB,GTGCT,TGCGCTCGTTTCTTAGTGTCCGAAATATGCAT,0.45783436,0,303.0
crcB,TTGCG,CTCGTTTCTTAGTGTCCGAAATATGCATCACT,0.32914466,0,212.0
crcB,GCGCT,CGTTTCTTAGTGTCCGAAATATGCATCACTTT,0.1589795,0,103.0
crcB,GCTCG,TTTCTTAGTGTCCGAAATATGCATCACTTTAT,0.77437794,1,475.0
crcB,TTTCT,TAGTGTCCGAAATATGCATCACTTTATTTGGG,0.59531444,1,375.0
crcB,TGTCC,GAAATATGCATCACTTTATTTGGGCGTGGTTT,0.9473444,1,622.0
crcB,GTCCG,AAATATGCATCACTTTATTTGGGCGTGGTTTC,0.34678915,0,226.0
crcB,ATGCA,TCACTTTATTTGGGCGTGGTTTCCCGATTGGG,0.22408535,0,143.0
crcB,CATCA,CTTTATTTGGGCGTGGTTTCCCGATTGGGACA,0.11946906,0,77.0
crcB,TCACT,TTATTTGGGCGTGGTTTCCCGATTGGGACACT,0.6806185,1,418.0
crcB,GGGCG,TGGTTTCCCGATTGGGACACTGACCGTTAATG,0.26848713,0,179.0
crcB,TTTCC,CGATTGGGACACTGACCGTTAATGTGGTGGGG,0.37899587,0,247.0
crcB,TTCCC,GATTGGGACACTGACCGTTAATGTGGTGGGGT,0.24297565,0,155.0
crcB,TCCCG,ATTGGGACACTGACCGTTAATGTGGTGGGGTC,0.17765898,0,115.0
crcB,GGACA,CTGACCGTTAATGTGGTGGGGTCATTTATTAT,0.63768834,1,397.0
crcB,ACACT,GACCGTTAATGTGGTGGGGTCATTTATTATGG,0.38435712,0,253.0
crcB,TGACC,GTTAATGTGGTGGGGTCATTTATTATGGGGGT,0.5725121,1,358.0
crcB,GACCG,TTAATGTGGTGGGGTCATTTATTATGGGGGTT,0.19997591,0,129.0
crcB,GGTCA,TTTATTATGGGGGTTTTGATCGCTTGTGTTGA,0.5238653,1,336.0
crcB,GATCG,CTTGTGTTGAAAATGAGTGGTTAAGCCCTTAC,0.23592591,0,151.0
crcB,TCGCT,TGTGTTGAAAATGAGTGGTTAAGCCCTTACCC,0.50681424,1,326.0
crcB,AAGCC,CTTACCCATGGAAACAAGTGATTGGCCTTGGT,0.3703962,0,239.0
crcB,AGCCC,TTACCCATGGAAACAAGTGATTGGCCTTGGTT,0.46932834,0,310.0
crcB,GCCCT,TACCCATGGAAACAAGTGATTGGCCTTGGTTT,0.231886,0,149.0
crcB,TTACC,CATGGAAACAAGTGATTGGCCTTGGTTTTCTC,0.8162835,1,510.0
crcB,TACCC,ATGGAAACAAGTGATTGGCCTTGGTTTTCTCG,0.51114845,1,329.0
crcB,ACCCA,TGGAAACAAGTGATTGGCCTTGGTTTTCTCGG,0.086557105,0,42.0
crcB,AAACA,AGTGATTGGCCTTGGTTTTCTCGGAGCATTAA,0.41346055,0,278.0
crcB,TGGCC,TTGGTTTTCTCGGAGCATTAACGACTTTCTCG,0.90895504,1,585.0
crcB,GGCCT,TGGTTTTCTCGGAGCATTAACGACTTTCTCGA,0.15747744,0,102.0
crcB,TTTCT,CGGAGCATTAACGACTTTCTCGACGTTTTCTA,0.31790662,0,206.0
crcB,TCTCG,GAGCATTAACGACTTTCTCGACGTTTTCTATG,0.85787964,1,535.0
crcB,GAGCA,TTAACGACTTTCTCGACGTTTTCTATGGATAA,0.87020355,1,545.0
crcB,TAACG,ACTTTCTCGACGTTTTCTATGGATAACGTCCT,0.7917239,1,487.0
crcB,CGACT,TTCTCGACGTTTTCTATGGATAACGTCCTTTT,0.87075967,1,547.0
crcB,TTTCT,CGACGTTTTCTATGGATAACGTCCTTTTAATG,0.2247599,0,145.0
crcB,TCTCG,ACGTTTTCTATGGATAACGTCCTTTTAATGCA,0.91069597,1,587.0
crcB,CGACG,TTTTCTATGGATAACGTCCTTTTAATGCAGCA,0.7727939,1,474.0
crcB,TTTCT,ATGGATAACGTCCTTTTAATGCAGCAGGGCGC,0.44073212,0,293.0
crcB,TAACG,TCCTTTTAATGCAGCAGGGCGCTTTTTTTAAA,0.71543235,1,438.0
crcB,CGTCC,TTTTAATGCAGCAGGGCGCTTTTTTTAAAATG,0.6206523,1,389.0
crcB,GTCCT,TTTAATGCAGCAGGGCGCTTTTTTTAAAATGG,0.026794389,0,4.0
crcB,ATGCA,GCAGGGCGCTTTTTTTAAAATGGGGGCGAATG,0.06710259,0,27.0
crcB,CAGCA,GGGCGCTTTTTTTAAAATGGGGGCGAATGTAC,0.11538065,0,73.0
crcB,GGGCG,CTTTTTTTAAAATGGGGGCGAATGTACTGTTG,0.06835909,0,30.0
crcB,GCGCT,TTTTTTAAAATGGGGGCGAATGTACTGTTGAA,0.2484455,0,160.0
crcB,GGGCG,AATGTACTGTTGAATGTTATTTTAAGTATTTC,0.76412773,1,467.0
crcB,GTACT,GTTGAATGTTATTTTAAGTATTTCTGCTGCTT,0.69753605,1,431.0
crcB,TTTCT,GCTGCTTGGATTGGTTTTCACTGGTTAATAAA,0.18694393,0,122.0
crcB,CTGCT,GCTTGGATTGGTTTTCACTGGTTAATAAAAAG,0.083376884,0,38.0
crcB,CTGCT,TGGATTGGTTTTCACTGGTTAATAAAAAGTTG,0.38466188,0,255.0
crcB,CAACT,TTTTATTAACCAGTGAAAACCAATCCAAGCAG,0.6738635,1,414.0
crcB,TAACC,AGTGAAAACCAATCCAAGCAGCAGAAATACTT,0.87407225,1,550.0
crcB,AACCA,GTGAAAACCAATCCAAGCAGCAGAAATACTTA,0.1975961,0,128.0
crcB,AAACC,AATCCAAGCAGCAGAAATACTTAAAATAACAT,0.9511173,1,626.0
crcB,AACCA,ATCCAAGCAGCAGAAATACTTAAAATAACATT,0.34081534,0,220.0
crcB,AATCC,AAGCAGCAGAAATACTTAAAATAACATTCAAC,0.9587007,1,632.0
crcB,ATCCA,AGCAGCAGAAATACTTAAAATAACATTCAACA,0.3124694,0,201.0
crcB,AAGCA,GCAGAAATACTTAAAATAACATTCAACAGTAC,0.8083527,1,497.0
crcB,CAGCA,GAAATACTTAAAATAACATTCAACAGTACATT,0.9184194,1,591.0
crcB,ATACT,TAAAATAACATTCAACAGTACATTCGCCCCCA,0.9686045,1,644.0
crcB,TAACA,TTCAACAGTACATTCGCCCCCATTTTAAAAAA,0.9771632,1,654.0
crcB,ATTCA,ACAGTACATTCGCCCCCATTTTAAAAAAAGCG,0.8518679,1,528.0
crcB,CAACA,GTACATTCGCCCCCATTTTAAAAAAAGCGCCC,0.9514828,1,628.0
crcB,GTACA,TTCGCCCCCATTTTAAAAAAAGCGCCCTGCTG,0.873231,1,549.0
crcB,ATTCG,CCCCCATTTTAAAAAAAGCGCCCTGCTGCATT,0.38898695,0,257.0
crcB,TCGCC,CCCATTTTAAAAAAAGCGCCCTGCTGCATTAA,0.8747837,1,554.0
crcB,CGCCC,CCATTTTAAAAAAAGCGCCCTGCTGCATTAAA,0.53990275,1,343.0
crcB,GCCCC,CATTTTAAAAAAAGCGCCCTGCTGCATTAAAA,0.4757953,0,315.0
crcB,CCCCC,ATTTTAAAAAAAGCGCCCTGCTGCATTAAAAG,0.59201896,1,366.0
crcB,CCCCA,TTTTAAAAAAAGCGCCCTGCTGCATTAAAAGG,0.2672841,0,178.0
crcB,AAGCG,CCCTGCTGCATTAAAAGGACGTTATCCATAGA,0.10978383,0,68.0
crcB,GCGCC,CTGCTGCATTAAAAGGACGTTATCCATAGAAA,0.7659271,1,470.0
crcB,CGCCC,TGCTGCATTAAAAGGACGTTATCCATAGAAAA,0.6773954,1,415.0
crcB,GCCCT,GCTGCATTAAAAGGACGTTATCCATAGAAAAC,0.23688011,0,153.0
crcB,CTGCT,GCATTAAAAGGACGTTATCCATAGAAAACGTC,0.8404069,1,523.0
crcB,CTGCA,TTAAAAGGACGTTATCCATAGAAAACGTCGAG,0.8940397,1,569.0
crcB,GGACG,TTATCCATAGAAAACGTCGAGAAAGTCGTTAA,0.94779634,1,623.0
crcB,TATCC,ATAGAAAACGTCGAGAAAGTCGTTAATGCTCC,0.9731267,1,650.0
crcB,ATCCA,TAGAAAACGTCGAGAAAGTCGTTAATGCTCCG,0.40216103,0,271.0
crcB,AAACG,TCGAGAAAGTCGTTAATGCTCCGAGAAAACCA,0.7862562,1,482.0
crcB,CGTCG,AGAAAGTCGTTAATGCTCCGAGAAAACCAAGG,0.54091585,1,345.0
crcB,AGTCG,TTAATGCTCCGAGAAAACCAAGGCCAATCACT,0.66436934,1,408.0
crcB,ATGCT,CCGAGAAAACCAAGGCCAATCACTTGTTTCCA,0.26020542,0,167.0
crcB,GCTCC,GAGAAAACCAAGGCCAATCACTTGTTTCCATG,0.9666545,1,640.0
crcB,CTCCG,AGAAAACCAAGGCCAATCACTTGTTTCCATGG,0.32652715,0,211.0
crcB,AAACC,AAGGCCAATCACTTGTTTCCATGGGTAAGGGC,0.92432696,1,593.0
crcB,AACCA,AGGCCAATCACTTGTTTCCATGGGTAAGGGCT,0.14573292,0,95.0
crcB,AGGCC,AATCACTTGTTTCCATGGGTAAGGGCTTAACC,0.79567856,1,491.0
crcB,GGCCA,ATCACTTGTTTCCATGGGTAAGGGCTTAACCA,0.26530445,0,175.0
crcB,AATCA,CTTGTTTCCATGGGTAAGGGCTTAACCACTCA,0.14395158,0,92.0
crcB,TCACT,TGTTTCCATGGGTAAGGGCTTAACCACTCATT,0.63055235,1,395.0
crcB,TTTCC,ATGGGTAAGGGCTTAACCACTCATTTTCAACA,0.90803015,1,583.0
crcB,TTCCA,TGGGTAAGGGCTTAACCACTCATTTTCAACAC,0.2995901,0,196.0
crcB,GGGCT,TAACCACTCATTTTCAACACAAGCGATCAAAA,0.84741145,1,527.0
crcB,TAACC,ACTCATTTTCAACACAAGCGATCAAAACCCCC,0.9695672,1,646.0
crcB,AACCA,CTCATTTTCAACACAAGCGATCAAAACCCCCA,0.21152382,0,136.0
crcB,CCACT,CATTTTCAACACAAGCGATCAAAACCCCCATA,0.87205666,1,548.0
crcB,ACTCA,TTTTCAACACAAGCGATCAAAACCCCCATAAT,0.8278743,1,516.0
crcB,TTTCA,ACACAAGCGATCAAAACCCCCATAATAAATGA,0.9149097,1,588.0
crcB,CAACA,CAAGCGATCAAAACCCCCATAATAAATGACCC,0.89939666,1,575.0
crcB,ACACA,AGCGATCAAAACCCCCATAATAAATGACCCCA,0.93590176,1,604.0
crcB,AAGCG,ATCAAAACCCCCATAATAAATGACCCCACCAC,0.85540676,1,532.0
crcB,GATCA,AAACCCCCATAATAAATGACCCCACCACATTA,0.9678666,1,643.0
crcB,AAACC,CCCATAATAAATGACCCCACCACATTAACGGT,0.9331504,1,601.0
crcB,AACCC,CCATAATAAATGACCCCACCACATTAACGGTC,0.6858567,1,420.0
crcB,ACCCC,CATAATAAATGACCCCACCACATTAACGGTCA,0.7176045,1,440.0
crcB,CCCCC,ATAATAAATGACCCCACCACATTAACGGTCAG,0.8465069,1,526.0
crcB,CCCCA,TAATAAATGACCCCACCACATTAACGGTCAGT,0.80852944,1,498.0
crcB,TGACC,CCACCACATTAACGGTCAGTGTCCCAATCGGG,0.87564296,1,556.0
crcB,GACCC,CACCACATTAACGGTCAGTGTCCCAATCGGGA,0.62481743,1,390.0
crcB,ACCCC,ACCACATTAACGGTCAGTGTCCCAATCGGGAA,0.66121024,1,405.0
crcB,CCCCA,CCACATTAACGGTCAGTGTCCCAATCGGGAAA,0.22075838,0,141.0
crcB,CCACC,ACATTAACGGTCAGTGTCCCAATCGGGAAACC,0.9628924,1,635.0
crcB,CACCA,CATTAACGGTCAGTGTCCCAATCGGGAAACCA,0.0941004,0,51.0
crcB,CCACA,TTAACGGTCAGTGTCCCAATCGGGAAACCACG,0.937334,1,607.0
crcB,TAACG,GTCAGTGTCCCAATCGGGAAACCACGCCCAAA,0.87861186,1,558.0
crcB,GGTCA,GTGTCCCAATCGGGAAACCACGCCCAAATAAA,0.71832836,1,442.0
crcB,TGTCC,CAATCGGGAAACCACGCCCAAATAAAGTGATG,0.802828,1,495.0
crcB,GTCCC,AATCGGGAAACCACGCCCAAATAAAGTGATGC,0.52206856,1,335.0
crcB,TCCCA,ATCGGGAAACCACGCCCAAATAAAGTGATGCA,0.33005258,0,213.0
crcB,AATCG,GGAAACCACGCCCAAATAAAGTGATGCATATT,0.5947009,1,372.0
crcB,AAACC,ACGCCCAAATAAAGTGATGCATATTTCGGACA,0.97096574,1,648.0
crcB,AACCA,CGCCCAAATAAAGTGATGCATATTTCGGACAC,0.10913868,0,67.0
crcB,CCACG,CCCAAATAAAGTGATGCATATTTCGGACACTA,0.882473,1,560.0
crcB,ACGCC,CAAATAAAGTGATGCATATTTCGGACACTAAG,0.9057129,1,580.0
crcB,CGCCC,AAATAAAGTGATGCATATTTCGGACACTAAGA,0.8382645,1,521.0
crcB,GCCCA,AATAAAGTGATGCATATTTCGGACACTAAGAA,0.59269774,1,368.0
crcB,ATGCA,TATTTCGGACACTAAGAAACGAGCGCAAGCAC,0.6255055,1,392.0
crcB,TTTCG,GACACTAAGAAACGAGCGCAAGCACCAACCGC,0.79873616,1,493.0
crcB,GGACA,CTAAGAAACGAGCGCAAGCACCAACCGCGCCG,0.6949097,1,430.0
crcB,ACACT,AAGAAACGAGCGCAAGCACCAACCGCGCCGCC,0.9513247,1,627.0
crcB,AAACG,AGCGCAAGCACCAACCGCGCCGCCTAAAGCAA,0.7894132,1,485.0
crcB,GAGCG,CAAGCACCAACCGCGCCGCCTAAAGCAATAAA,0.4066021,0,275.0
crcB,GCGCA,AGCACCAACCGCGCCGCCTAAAGCAATAAAAC,0.7787609,1,480.0
crcB,AAGCA,CCAACCGCGCCGCCTAAAGCAATAAAACCCAA,0.33315697,0,214.0
crcB,GCACC,AACCGCGCCGCCTAAAGCAATAAAACCCAATA,0.9643378,1,637.0
crcB,CACCA,ACCGCGCCGCCTAAAGCAATAAAACCCAATAT,0.37867442,0,245.0
crcB,CAACC,GCGCCGCCTAAAGCAATAAAACCCAATATCGC,0.90577275,1,581.0
crcB,AACCG,CGCCGCCTAAAGCAATAAAACCCAATATCGCG,0.034100883,0,10.0
crcB,CCGCG,CCGCCTAAAGCAATAAAACCCAATATCGCGAA,0.3959143,0,263.0
crcB,GCGCC,GCCTAAAGCAATAAAACCCAATATCGCGAATG,0.8142972,1,505.0
crcB,CGCCG,CCTAAAGCAATAAAACCCAATATCGCGAATGA,0.08438077,0,39.0
crcB,CCGCC,TAAAGCAATAAAACCCAATATCGCGAATGACA,0.9725945,1,649.0
crcB,CGCCT,AAAGCAATAAAACCCAATATCGCGAATGACAT,0.66303414,1,406.0
trmA,TGGCG,ACTCTTGATGTAAACCCTGAACTCTACCAAGC,0.69147795,1,424.0
trmA,CGACT,CTTGATGTAAACCCTGAACTCTACCAAGCTCA,0.5633482,1,353.0
trmA,ACTCT,TGATGTAAACCCTGAACTCTACCAAGCTCAAT,0.6798448,1,417.0
trmA,AAACC,CTGAACTCTACCAAGCTCAATTGGCAGACAAA,0.87647194,1,557.0
trmA,AACCC,TGAACTCTACCAAGCTCAATTGGCAGACAAAA,0.49117807,0,323.0
trmA,ACCCT,GAACTCTACCAAGCTCAATTGGCAGACAAAAT,0.18521203,0,120.0
trmA,GAACT,CTACCAAGCTCAATTGGCAGACAAAATCGCCC,0.7682979,1,472.0
trmA,ACTCT,ACCAAGCTCAATTGGCAGACAAAATCGCCCGT,0.74219614,1,452.0
trmA,CTACC,AAGCTCAATTGGCAGACAAAATCGCCCGTTTA,0.96648085,1,638.0
trmA,TACCA,AGCTCAATTGGCAGACAAAATCGCCCGTTTAA,0.264869,0,174.0
trmA,AAGCT,CAATTGGCAGACAAAATCGCCCGTTTAAAAGC,0.19184335,0,124.0
trmA,GCTCA,ATTGGCAGACAAAATCGCCCGTTTAAAAGCGA,0.49017832,0,322.0
trmA,TGGCA,GACAAAATCGCCCGTTTAAAAGCGATGTTTGT,0.80934644,1,500.0
trmA,AGACA,AAATCGCCCGTTTAAAAGCGATGTTTGTTGAT,0.90407664,1,578.0
trmA,AATCG,CCCGTTTAAAAGCGATGTTTGTTGATTACTCC,0.3238922,0,209.0
trmA,TCGCC,CGTTTAAAAGCGATGTTTGTTGATTACTCCAT,0.81457317,1,506.0
trmA,CGCCC,GTTTAAAAGCGATGTTTGTTGATTACTCCATG,0.5210231,1,333.0
trmA,GCCCG,TTTAAAAGCGATGTTTGTTGATTACTCCATGC,0.3905221,0,260.0
trmA,AAGCG,ATGTTTGTTGATTACTCCATGCCTGAGCTGGA,0.53794575,1,342.0
trmA,TTACT,CCATGCCTGAGCTGGAAGTGTTTGAGTCGCCA,0.44308326,0,297.0
trmA,ACTCC,ATGCCTGAGCTGGAAGTGTTTGAGTCGCCAGT,0.75917697,1,463.0
trmA,CTCCA,TGCCTGAGCTGGAAGTGTTTGAGTCGCCAGTG,0.13010149,0,82.0
trmA,ATGCC,TGAGCTGGAAGTGTTTGAGTCGCCAGTGGTGA,0.4210409,0,281.0
trmA,TGCCT,GAGCTGGAAGTGTTTGAGTCGCCAGTGGTGAA,0.06827345,0,29.0
trmA,GAGCT,GGAAGTGTTTGAGTCGCCAGTGGTGAATTATC,0.17227225,0,110.0
trmA,AGTCG,CCAGTGGTGAATTATCGTATGCGTGCTGAATT,0.11699133,0,75.0
trmA,TCGCC,AGTGGTGAATTATCGTATGCGTGCTGAATTTC,0.82806736,1,517.0
trmA,CGCCA,GTGGTGAATTATCGTATGCGTGCTGAATTTCG,0.17620336,0,114.0
trmA,TATCG,TATGCGTGCTGAATTTCGGATTTGGCATGAAG,0.33846542,0,218.0
trmA,ATGCG,TGCTGAATTTCGGATTTGGCATGAAGGCGATG,0.1213205,0,78.0
trmA,GTGCT,GAATTTCGGATTTGGCATGAAGGCGATGACAT,0.18218996,0,117.0
trmA,TTTCG,GATTTGGCATGAAGGCGATGACATGTACTACA,0.40036854,0,269.0
trmA,TGGCA,TGAAGGCGATGACATGTACTACATCATGTTTA,0.8134975,1,503.0
trmA,AGGCG,ATGACATGTACTACATCATGTTTAATCAAGAG,0.78767794,1,483.0
trmA,TGACA,TGTACTACATCATGTTTAATCAAGAGACGCGC,0.94609624,1,618.0
trmA,GTACT,ACATCATGTTTAATCAAGAGACGCGCGAAAAG,0.8693558,1,543.0
trmA,CTACA,TCATGTTTAATCAAGAGACGCGCGAAAAGTAC,0.94447035,1,617.0
trmA,CATCA,TGTTTAATCAAGAGACGCGCGAAAAGTACCGC,0.5085912,1,328.0
trmA,AATCA,AGAGACGCGCGAAAAGTACCGCGTGGATCAAT,0.29219735,0,191.0
trmA,AGACG,CGCGAAAAGTACCGCGTGGATCAATTTCCAGC,0.38209245,0,251.0
trmA,ACGCG,CGAAAAGTACCGCGTGGATCAATTTCCAGCGG,0.051526453,0,15.0
trmA,GCGCG,AAAAGTACCGCGTGGATCAATTTCCAGCGGCG,0.4615216,0,305.0
trmA,GTACC,GCGTGGATCAATTTCCAGCGGCGAGCCGCCTG,0.5908921,1,365.0
trmA,TACCG,CGTGGATCAATTTCCAGCGGCGAGCCGCCTGA,0.02050641,0,2.0
trmA,CCGCG,TGGATCAATTTCCAGCGGCGAGCCGCCTGATT,0.46544835,0,307.0
trmA,GATCA,ATTTCCAGCGGCGAGCCGCCTGATTAACGATT,0.3708623,0,240.0
trmA,TTTCC,AGCGGCGAGCCGCCTGATTAACGATTTGATGC,0.70607436,1,435.0
trmA,TTCCA,GCGGCGAGCCGCCTGATTAACGATTTGATGCC,0.10192016,0,59.0
trmA,CAGCG,GCGAGCCGCCTGATTAACGATTTGATGCCTCT,0.25432235,0,165.0
trmA,CGGCG,AGCCGCCTGATTAACGATTTGATGCCTCTTCT,0.39121845,0,261.0
trmA,GAGCC,GCCTGATTAACGATTTGATGCCTCTTCTGATG,0.796969,1,492.0
trmA,AGCCG,CCTGATTAACGATTTGATGCCTCTTCTGATGG,0.028259132,0,7.0
trmA,CCGCC,TGATTAACGATTTGATGCCTCTTCTGATGGAT,0.9464371,1,620.0
trmA,CGCCT,GATTAACGATTTGATGCCTCTTCTGATGGATG,0.093546495,0,49.0
trmA,TAACG,ATTTGATGCCTCTTCTGATGGATGCCATGAAA,0.76230216,1,466.0
trmA,ATGCC,TCTTCTGATGGATGCCATGAAAGGCAGCCCTA,0.5928482,1,369.0
trmA,TGCCT,CTTCTGATGGATGCCATGAAAGGCAGCCCTAT,0.036814194,0,11.0
trmA,CCTCT,TCTGATGGATGCCATGAAAGGCAGCCCTATTC,0.47250935,0,312.0
trmA,CTTCT,GATGGATGCCATGAAAGGCAGCCCTATTCTGC,0.32064518,0,208.0
trmA,ATGCC,ATGAAAGGCAGCCCTATTCTGCGCCATAAACT,0.9470397,1,621.0
trmA,TGCCA,TGAAAGGCAGCCCTATTCTGCGCCATAAACTG,0.24788979,0,159.0
trmA,AGGCA,GCCCTATTCTGCGCCATAAACTGTTTCAGGTT,0.5738849,1,359.0
trmA,CAGCC,CTATTCTGCGCCATAAACTGTTTCAGGTTGAT,0.86630094,1,540.0
trmA,AGCCC,TATTCTGCGCCATAAACTGTTTCAGGTTGATT,0.54040444,1,344.0
trmA,GCCCT,ATTCTGCGCCATAAACTGTTTCAGGTTGATTT,0.23088713,0,148.0
trmA,ATTCT,GCGCCATAAACTGTTTCAGGTTGATTTCCTCT,0.56013787,1,351.0
trmA,CTGCG,CCATAAACTGTTTCAGGTTGATTTCCTCTCAA,0.4515473,0,299.0
trmA,GCGCC,ATAAACTGTTTCAGGTTGATTTCCTCTCAACC,0.98308253,1,661.0
trmA,CGCCA,TAAACTGTTTCAGGTTGATTTCCTCTCAACCC,0.6391392,1,398.0
trmA,AAACT,GTTTCAGGTTGATTTCCTCTCAACCCTCAGTG,0.29884553,0,195.0
trmA,TTTCA,GGTTGATTTCCTCTCAACCCTCAGTGGCGAGA,0.21481563,0,140.0
trmA,TTTCC,TCTCAACCCTCAGTGGCGAGATTTTGGTTTCA,0.8058793,1,496.0
trmA,TTCCT,CTCAACCCTCAGTGGCGAGATTTTGGTTTCAC,0.07653061,0,35.0
trmA,CCTCT,CAACCCTCAGTGGCGAGATTTTGGTTTCACTG,0.23814526,0,154.0
trmA,TCTCA,ACCCTCAGTGGCGAGATTTTGGTTTCACTGCT,0.7919684,1,488.0
trmA,CAACC,CTCAGTGGCGAGATTTTGGTTTCACTGCTGTA,0.85304576,1,530.0
trmA,AACCC,TCAGTGGCGAGATTTTGGTTTCACTGCTGTAC,0.48383838,0,319.0
trmA,ACCCT,CAGTGGCGAGATTTTGGTTTCACTGCTGTACC,0.027185991,0,5.0
trmA,CCTCA,GTGGCGAGATTTTGGTTTCACTGCTGTACCAT,0.64035016,1,399.0
trmA,TGGCG,AGATTTTGGTTTCACTGCTGTACCATCGACAA,0.5855524,1,363.0
trmA,TTTCA,CTGCTGTACCATCGACAACTCAGCGAAGAATG,0.39726418,0,264.0
trmA,TCACT,GCTGTACCATCGACAACTCAGCGAAGAATGGA,0.7808525,1,481.0
trmA,CTGCT,GTACCATCGACAACTCAGCGAAGAATGGATCA,0.5961528,1,377.0
trmA,GTACC,ATCGACAACTCAGCGAAGAATGGATCACTGCA,0.9689887,1,645.0
trmA,TACCA,TCGACAACTCAGCGAAGAATGGATCACTGCAG,0.29370096,0,194.0
trmA,CATCG,ACAACTCAGCGAAGAATGGATCACTGCAGCGC,0.7212586,1,445.0
trmA,CGACA,ACTCAGCGAAGAATGGATCACTGCAGCGCAAG,0.6988707,1,434.0
trmA,CAACT,CAGCGAAGAATGGATCACTGCAGCGCAAGCTC,0.7443817,1,455.0
trmA,ACTCA,GCGAAGAATGGATCACTGCAGCGCAAGCTCTC,0.45180407,0,300.0
trmA,CAGCG,AAGAATGGATCACTGCAGCGCAAGCTCTCAAA,0.67319685,1,413.0
trmA,GATCA,CTGCAGCGCAAGCTCTCAAACAGCGCCTGAAC,0.31434324,0,204.0
trmA,TCACT,GCAGCGCAAGCTCTCAAACAGCGCCTGAACGA,0.5894403,1,364.0
trmA,CTGCA,GCGCAAGCTCTCAAACAGCGCCTGAACGATGA,0.6013146,1,379.0
trmA,CAGCG,CAAGCTCTCAAACAGCGCCTGAACGATGAAGG,0.13090652,0,83.0
trmA,GCGCA,AGCTCTCAAACAGCGCCTGAACGATGAAGGGT,0.37626767,0,242.0
trmA,AAGCT,CTCAAACAGCGCCTGAACGATGAAGGGTTCAA,0.10174788,0,58.0
trmA,GCTCT,CAAACAGCGCCTGAACGATGAAGGGTTCAACC,0.31362963,0,203.0
trmA,TCTCA,AACAGCGCCTGAACGATGAAGGGTTCAACCTG,0.68721116,1,421.0
trmA,AAACA,GCGCCTGAACGATGAAGGGTTCAACCTGAACT,0.6931475,1,427.0
trmA,CAGCG,CCTGAACGATGAAGGGTTCAACCTGAACTTAA,0.11084859,0,69.0
trmA,GCGCC,TGAACGATGAAGGGTTCAACCTGAACTTAATC,0.91647106,1,589.0
trmA,CGCCT,GAACGATGAAGGGTTCAACCTGAACTTAATCG,0.1330216,0,85.0
trmA,GAACG,ATGAAGGGTTCAACCTGAACTTAATCGGCCGT,0.7746605,1,476.0
trmA,GTTCA,ACCTGAACTTAATCGGCCGTGCTCGCAAAATG,0.6456716,1,401.0
trmA,CAACC,TGAACTTAATCGGCCGTGCTCGCAAAATGAAA,0.95731187,1,630.0
trmA,AACCT,GAACTTAATCGGCCGTGCTCGCAAAATGAAAG,0.06380481,0,23.0
trmA,GAACT,TAATCGGCCGTGCTCGCAAAATGAAAGTAGTG,0.793585,1,490.0
trmA,AATCG,GCCGTGCTCGCAAAATGAAAGTAGTGCTGGAT,0.21383913,0,138.0
trmA,CGGCC,GTGCTCGCAAAATGAAAGTAGTGCTGGATCGT,0.6913397,1,423.0
trmA,GGCCG,TGCTCGCAAAATGAAAGTAGTGCTGGATCGTG,0.09138509,0,46.0
trmA,GTGCT,CGCAAAATGAAAGTAGTGCTGGATCGTGATTA,0.18262428,0,118.0
trmA,GCTCG,CAAAATGAAAGTAGTGCTGGATCGTGATTACG,0.38134655,0,250.0
trmA,TCGCA,AAATGAAAGTAGTGCTGGATCGTGATTACGTG,0.6847383,1,419.0
trmA,GTGCT,GGATCGTGATTACGTGGTGGAGAAATTACAGG,0.056012202,0,17.0
trmA,GATCG,TGATTACGTGGTGGAGAAATTACAGGTCAATG,0.23245685,0,150.0
trmA,TTACG,TGGTGGAGAAATTACAGGTCAATGGCCAGCCT,0.36652058,0,237.0
trmA,TTACA,GGTCAATGGCCAGCCTTATGTATATAAGCAAG,0.57447946,1,360.0
trmA,GGTCA,ATGGCCAGCCTTATGTATATAAGCAAGTCGAA,0.6985298,1,433.0
trmA,TGGCC,AGCCTTATGTATATAAGCAAGTCGAAAACAGT,0.88451385,1,562.0
trmA,GGCCA,GCCTTATGTATATAAGCAAGTCGAAAACAGTT,0.21093631,0,135.0
trmA,CAGCC,TTATGTATATAAGCAAGTCGAAAACAGTTTTA,0.907826,1,582.0
trmA,AGCCT,TATGTATATAAGCAAGTCGAAAACAGTTTTAC,0.24607049,0,157.0
trmA,AAGCA,AGTCGAAAACAGTTTTACCCAACCTAACGCGA,0.44219345,0,295.0
trmA,AGTCG,AAAACAGTTTTACCCAACCTAACGCGAAGGTC,0.8174124,1,512.0
trmA,AAACA,GTTTTACCCAACCTAACGCGAAGGTCGCCGAA,0.6152218,1,385.0
trmA,TTACC,CAACCTAACGCGAAGGTCGCCGAAAAAATGTT,0.90364873,1,577.0
trmA,TACCC,AACCTAACGCGAAGGTCGCCGAAAAAATGTTG,0.5269895,1,337.0
trmA,ACCCA,ACCTAACGCGAAGGTCGCCGAAAAAATGTTGG,0.17210747,0,109.0
trmA,CAACC,TAACGCGAAGGTCGCCGAAAAAATGTTGGAGT,0.92196965,1,592.0
trmA,AACCT,AACGCGAAGGTCGCCGAAAAAATGTTGGAGTG,0.10689539,0,66.0
trmA,TAACG,CGAAGGTCGCCGAAAAAATGTTGGAGTGGGCG,0.15038045,0,98.0
trmA,ACGCG,AAGGTCGCCGAAAAAATGTTGGAGTGGGCGGT,0.20941618,0,133.0
trmA,GGTCG,CCGAAAAAATGTTGGAGTGGGCGGTCGATTGT,0.142919,0,91.0
trmA,TCGCC,GAAAAAATGTTGGAGTGGGCGGTCGATTGTAC,0.815449,1,508.0
trmA,CGCCG,AAAAAATGTTGGAGTGGGCGGTCGATTGTACT,0.22513323,0,146.0
trmA,GGGCG,GTCGATTGTACTCAAGAGAGCAAGGGGGATTT,0.14929782,0,97.0
trmA,GGTCG,ATTGTACTCAAGAGAGCAAGGGGGATTTGCTT,0.17393686,0,111.0
trmA,GTACT,CAAGAGAGCAAGGGGGATTTGCTTGAACTGTA,0.5365838,1,341.0
trmA,ACTCA,AGAGAGCAAGGGGGATTTGCTTGAACTGTATT,0.28615087,0,188.0
trmA,GAGCA,AGGGGGATTTGCTTGAACTGTATTGTGGTAAC,0.34563333,0,224.0
trmA,TTGCT,TGAACTGTATTGTGGTAACGGCAACTTCTCAC,0.6650453,1,409.0
trmA,GAACT,GTATTGTGGTAACGGCAACTTCTCACTCGCGT,0.81392145,1,504.0
trmA,TAACG,GCAACTTCTCACTCGCGTTAGCGCAAAACTTT,0.8741791,1,551.0
trmA,CGGCA,ACTTCTCACTCGCGTTAGCGCAAAACTTTGAG,0.3134219,0,202.0
trmA,CAACT,TCTCACTCGCGTTAGCGCAAAACTTTGAGCGT,0.47381434,0,313.0
trmA,CTTCT,CACTCGCGTTAGCGCAAAACTTTGAGCGTGTA,0.20160344,0,130.0
trmA,TCTCA,CTCGCGTTAGCGCAAAACTTTGAGCGTGTACT,0.3485878,0,227.0
trmA,TCACT,CGCGTTAGCGCAAAACTTTGAGCGTGTACTGG,0.45366976,0,302.0
trmA,ACTCG,CGTTAGCGCAAAACTTTGAGCGTGTACTGGCA,0.06245655,0,21.0
trmA,TCGCG,TTAGCGCAAAACTTTGAGCGTGTACTGGCAAC,0.6278776,1,393.0
trmA,TAGCG,CAAAACTTTGAGCGTGTACTGGCAACCGAATT,0.28358555,0,187.0
trmA,GCGCA,AAACTTTGAGCGTGTACTGGCAACCGAATTAG,0.62546587,1,391.0
trmA,AAACT,TTGAGCGTGTACTGGCAACCGAATTAGCCAAA,0.69423,1,429.0
trmA,GAGCG,TGTACTGGCAACCGAATTAGCCAAACCTTCTG,0.36673203,0,238.0
trmA,GTACT,GGCAACCGAATTAGCCAAACCTTCTGTAGAAG,0.5216347,1,334.0
trmA,TGGCA,ACCGAATTAGCCAAACCTTCTGTAGAAGCTGC,0.8123546,1,502.0
trmA,CAACC,GAATTAGCCAAACCTTCTGTAGAAGCTGCGCA,0.93392044,1,602.0
trmA,AACCG,AATTAGCCAAACCTTCTGTAGAAGCTGCGCAA,0.086377256,0,41.0
trmA,TAGCC,AAACCTTCTGTAGAAGCTGCGCAATTTAATAT,0.93404764,1,603.0
trmA,AGCCA,AACCTTCTGTAGAAGCTGCGCAATTTAATATT,0.32003298,0,207.0
trmA,AAACC,TTCTGTAGAAGCTGCGCAATTTAATATTGCCG,0.8581124,1,536.0
trmA,AACCT,TCTGTAGAAGCTGCGCAATTTAATATTGCCGC,0.05109306,0,14.0
trmA,CTTCT,GTAGAAGCTGCGCAATTTAATATTGCCGCGAA,0.48900735,0,321.0
trmA,AAGCT,GCGCAATTTAATATTGCCGCGAACCAGATCGG,0.19390275,0,125.0
trmA,CTGCG,CAATTTAATATTGCCGCGAACCAGATCGGCAA,0.40496075,0,273.0
trmA,GCGCA,ATTTAATATTGCCGCGAACCAGATCGGCAACG,0.48428017,0,320.0
trmA,TTGCC,GCGAACCAGATCGGCAACGTGCAGATCATTCG,0.54235476,1,346.0
trmA,TGCCG,CGAACCAGATCGGCAACGTGCAGATCATTCGC,0.053701445,0,16.0
trmA,CCGCG,AACCAGATCGGCAACGTGCAGATCATTCGCAT,0.42397764,0,284.0
trmA,GAACC,AGATCGGCAACGTGCAGATCATTCGCATGTCA,0.9165238,1,590.0
trmA,AACCA,GATCGGCAACGTGCAGATCATTCGCATGTCAG,0.033815723,0,9.0
trmA,GATCG,GCAACGTGCAGATCATTCGCATGTCAGCAGAA,0.34582147,0,225.0
trmA,CGGCA,ACGTGCAGATCATTCGCATGTCAGCAGAAGAG,0.33527663,0,217.0
trmA,CAACG,TGCAGATCATTCGCATGTCAGCAGAAGAGTTT,0.7279609,1,448.0
trmA,GTGCA,GATCATTCGCATGTCAGCAGAAGAGTTTACTC,0.34427023,0,223.0
trmA,GATCA,TTCGCATGTCAGCAGAAGAGTTTACTCAGGCG,0.35873923,0,232.0
trmA,ATTCG,CATGTCAGCAGAAGAGTTTACTCAGGCGATGG,0.08770334,0,43.0
trmA,TCGCA,TGTCAGCAGAAGAGTTTACTCAGGCGATGGAA,0.25264472,0,162.0
trmA,TGTCA,GCAGAAGAGTTTACTCAGGCGATGGAAGGTAA,0.2870362,0,190.0
trmA,CAGCA,GAAGAGTTTACTCAGGCGATGGAAGGTAAACG,0.38940006,0,258.0
trmA,TTACT,CAGGCGATGGAAGGTAAACGCGAATTCAATCG,0.37898844,0,246.0
trmA,ACTCA,GGCGATGGAAGGTAAACGCGAATTCAATCGTT,0.09024368,0,44.0
trmA,AGGCG,ATGGAAGGTAAACGCGAATTCAATCGTTTGAA,0.3412898,0,221.0
trmA,AAACG,CGAATTCAATCGTTTGAAGGATGCGGGAGTCG,0.18404531,0,119.0
trmA,ACGCG,AATTCAATCGTTTGAAGGATGCGGGAGTCGAT,0.1746473,0,112.0
trmA,ATTCA,ATCGTTTGAAGGATGCGGGAGTCGATCTGCAA,0.25289673,0,163.0
trmA,AATCG,TTTGAAGGATGCGGGAGTCGATCTGCAAAGCT,0.0688634,0,31.0
trmA,ATGCG,GGAGTCGATCTGCAAAGCTACCGTTGCAACAC,0.26234293,0,170.0
trmA,AGTCG,ATCTGCAAAGCTACCGTTGCAACACTATTTTT,0.56366396,1,354.0
trmA,GATCT,GCAAAGCTACCGTTGCAACACTATTTTTGTCG,0.55696905,1,350.0
trmA,CTGCA,AAGCTACCGTTGCAACACTATTTTTGTCGACC,0.9311792,1,598.0
trmA,AAGCT,ACCGTTGCAACACTATTTTTGTCGACCCACCA,0.8605725,1,537.0
trmA,CTACC,GTTGCAACACTATTTTTGTCGACCCACCACGC,0.96393293,1,636.0
trmA,TACCG,TTGCAACACTATTTTTGTCGACCCACCACGCT,0.6917545,1,425.0
trmA,TTGCA,ACACTATTTTTGTCGACCCACCACGCTCAGGC,0.9311591,1,597.0
trmA,CAACA,CTATTTTTGTCGACCCACCACGCTCAGGCATG,0.83154166,1,519.0
trmA,ACACT,ATTTTTGTCGACCCACCACGCTCAGGCATGGA,0.7448331,1,456.0
trmA,TGTCG,ACCCACCACGCTCAGGCATGGATATCGACACT,0.8958076,1,572.0
trmA,CGACC,CACCACGCTCAGGCATGGATATCGACACTTGT,0.96760726,1,641.0
trmA,GACCC,ACCACGCTCAGGCATGGATATCGACACTTGTA,0.6936831,1,428.0
trmA,ACCCA,CCACGCTCAGGCATGGATATCGACACTTGTAA,0.10553594,0,64.0
trmA,CCACC,ACGCTCAGGCATGGATATCGACACTTGTAAAA,0.9854152,1,665.0
trmA,CACCA,CGCTCAGGCATGGATATCGACACTTGTAAAAT,0.092299014,0,48.0
trmA,CCACG,CTCAGGCATGGATATCGACACTTGTAAAATGG,0.6477091,1,403.0
trmA,ACGCT,CAGGCATGGATATCGACACTTGTAAAATGGTG,0.26373938,0,173.0
trmA,GCTCA,GGCATGGATATCGACACTTGTAAAATGGTGCA,0.44257402,0,296.0
trmA,AGGCA,TGGATATCGACACTTGTAAAATGGTGCAAGGT,0.5921387,1,367.0
trmA,TATCG,ACACTTGTAAAATGGTGCAAGGTTATGAGCGC,0.77489996,1,477.0
trmA,CGACA,CTTGTAAAATGGTGCAAGGTTATGAGCGCATT,0.5999135,1,378.0
trmA,ACACT,TGTAAAATGGTGCAAGGTTATGAGCGCATTCT,0.6030494,1,380.0
trmA,GTGCA,AGGTTATGAGCGCATTCTGTACATCTCTTGTA,0.7341828,1,449.0
trmA,GAGCG,CATTCTGTACATCTCTTGTAACCCAGAAACAC,0.50124776,1,325.0
trmA,GCGCA,TTCTGTACATCTCTTGTAACCCAGAAACACTG,0.88247055,1,559.0
trmA,ATTCT,GTACATCTCTTGTAACCCAGAAACACTGAAAG,0.68789405,1,422.0
trmA,GTACA,TCTCTTGTAACCCAGAAACACTGAAAGAGAAC,0.86847025,1,542.0
trmA,CATCT,CTTGTAACCCAGAAACACTGAAAGAGAACTTA,0.33846873,0,219.0
trmA,TCTCT,TGTAACCCAGAAACACTGAAAGAGAACTTACA,0.7698892,1,473.0
trmA,TAACC,CAGAAACACTGAAAGAGAACTTACAAGTCTTG,0.9509679,1,625.0
trmA,AACCC,AGAAACACTGAAAGAGAACTTACAAGTCTTGG,0.5135619,1,331.0
trmA,ACCCA,GAAACACTGAAAGAGAACTTACAAGTCTTGGG,0.19064282,0,123.0
trmA,AAACA,CTGAAAGAGAACTTACAAGTCTTGGGGGAAAC,0.52942693,1,339.0
trmA,ACACT,GAAAGAGAACTTACAAGTCTTGGGGGAAACCC,0.81061345,1,501.0
trmA,GAACT,TACAAGTCTTGGGGGAAACCCATCAAGTGGTG,0.6527644,1,404.0
trmA,TTACA,AGTCTTGGGGGAAACCCATCAAGTGGTGCGCT,0.3862629,0,256.0
trmA,AGTCT,TGGGGGAAACCCATCAAGTGGTGCGCTTTGCT,0.11147299,0,71.0
trmA,AAACC,CATCAAGTGGTGCGCTTTGCTCTCTTCGACCA,0.88813317,1,565.0
trmA,AACCC,ATCAAGTGGTGCGCTTTGCTCTCTTCGACCAA,0.45329744,0,301.0
trmA,ACCCA,TCAAGTGGTGCGCTTTGCTCTCTTCGACCAAT,0.24349797,0,156.0
trmA,CATCA,AGTGGTGCGCTTTGCTCTCTTCGACCAATTTC,0.42591202,0,286.0
trmA,GTGCG,CTTTGCTCTCTTCGACCAATTTCCTTACACCC,0.21084224,0,134.0
trmA,GCGCT,TTGCTCTCTTCGACCAATTTCCTTACACCCAC,0.90848064,1,584.0
trmA,TTGCT,CTCTTCGACCAATTTCCTTACACCCACCACAT,0.46708468,0,309.0
trmA,GCTCT,CTTCGACCAATTTCCTTACACCCACCACATGG,0.4026973,0,272.0
trmA,TCTCT,TCGACCAATTTCCTTACACCCACCACATGGAA,0.9441373,1,616.0
trmA,CTTCG,ACCAATTTCCTTACACCCACCACATGGAAGCG,0.9394848,1,610.0
trmA,CGACC,AATTTCCTTACACCCACCACATGGAAGCGGGT,0.9613745,1,634.0
trmA,GACCA,ATTTCCTTACACCCACCACATGGAAGCGGGTG,0.22784378,0,147.0
trmA,TTTCC,TTACACCCACCACATGGAAGCGGGTGTGATGT,0.93887395,1,609.0
trmA,TTCCT,TACACCCACCACATGGAAGCGGGTGTGATGTT,0.2630959,0,171.0
trmA,TTACA,CCCACCACATGGAAGCGGGTGTGATGTTAGAA,0.6637181,1,407.0
trmA,ACACC,CACCACATGGAAGCGGGTGTGATGTTAGAACG,0.79334164,1,489.0
trmA,CACCC,ACCACATGGAAGCGGGTGTGATGTTAGAACGC,0.6703252,1,412.0
trmA,ACCCA,CCACATGGAAGCGGGTGTGATGTTAGAACGCA,0.09456253,0,53.0
trmA,CCACC,ACATGGAAGCGGGTGTGATGTTAGAACGCAAA,0.8567994,1,534.0
trmA,CACCA,CATGGAAGCGGGTGTGATGTTAGAACGCAAAA,0.094436854,0,52.0
trmA,CCACA,TGGAAGCGGGTGTGATGTTAGAACGCAAAAAG,0.53419596,1,340.0
trmA,TTACT,TTTTGCGTTCTAACATCACACCCGCTTCCATG,0.8746426,1,553.0
trmA,TTGCG,TTCTAACATCACACCCGCTTCCATGTGGTGGG,0.69273907,1,426.0
trmA,GTTCT,AACATCACACCCGCTTCCATGTGGTGGGTGTA,0.8528064,1,529.0
trmA,TAACA,TCACACCCGCTTCCATGTGGTGGGTGTAAGGA,0.8897866,1,567.0
trmA,CATCA,CACCCGCTTCCATGTGGTGGGTGTAAGGAAAT,0.3635354,0,235.0
trmA,TCACA,CCCGCTTCCATGTGGTGGGTGTAAGGAAATTG,0.51942784,1,332.0
trmA,ACACC,CGCTTCCATGTGGTGGGTGTAAGGAAATTGGT,0.251163,0,161.0
trmA,CACCC,GCTTCCATGTGGTGGGTGTAAGGAAATTGGTC,0.16056786,0,104.0
trmA,ACCCG,CTTCCATGTGGTGGGTGTAAGGAAATTGGTCG,0.018999929,0,1.0
trmA,CCGCT,TCCATGTGGTGGGTGTAAGGAAATTGGTCGAA,0.2750498,0,183.0
trmA,CTTCC,ATGTGGTGGGTGTAAGGAAATTGGTCGAAGAG,0.37628004,0,243.0
trmA,TTCCA,TGTGGTGGGTGTAAGGAAATTGGTCGAAGAGA,0.07351937,0,33.0
trmA,GGTCG,AAGAGAGCAAAGCGCACCACTTGATGGGTTTC,0.5612602,1,352.0
trmA,GAGCA,AAGCGCACCACTTGATGGGTTTCCCCCAAGAC,0.78795147,1,484.0
trmA,AAGCG,CACCACTTGATGGGTTTCCCCCAAGACTTGTA,0.3087776,0,198.0
trmA,GCGCA,CCACTTGATGGGTTTCCCCCAAGACTTGTAAG,0.27698633,0,185.0
trmA,GCACC,ACTTGATGGGTTTCCCCCAAGACTTGTAAGTT,0.950897,1,624.0
trmA,CACCA,CTTGATGGGTTTCCCCCAAGACTTGTAAGTTC,0.10431789,0,62.0
trmA,CCACT,TGATGGGTTTCCCCCAAGACTTGTAAGTTCTC,0.8969477,1,574.0
trmA,TTTCC,CCCAAGACTTGTAAGTTCTCTTTCAGTGTTTC,0.93103236,1,596.0
trmA,TTCCC,CCAAGACTTGTAAGTTCTCTTTCAGTGTTTCT,0.61693335,1,386.0
trmA,TCCCC,CAAGACTTGTAAGTTCTCTTTCAGTGTTTCTG,0.79000485,1,486.0
trmA,CCCCC,AAGACTTGTAAGTTCTCTTTCAGTGTTTCTGG,0.8682882,1,541.0
trmA,CCCCA,AGACTTGTAAGTTCTCTTTCAGTGTTTCTGGG,0.4409231,0,294.0
trmA,AGACT,TGTAAGTTCTCTTTCAGTGTTTCTGGGTTACA,0.59361744,1,370.0
trmA,GTTCT,CTTTCAGTGTTTCTGGGTTACAAGAGATGTAC,0.14876716,0,96.0
trmA,TCTCT,TTCAGTGTTTCTGGGTTACAAGAGATGTACAG,0.42717797,0,287.0
trmA,TTTCA,GTGTTTCTGGGTTACAAGAGATGTACAGAATG,0.35285822,0,230.0
trmA,TTTCT,GGGTTACAAGAGATGTACAGAATGCGCTCATA,0.33371678,0,215.0
trmA,TTACA,AGAGATGTACAGAATGCGCTCATAACCTTGCA,0.9385118,1,608.0
trmA,GTACA,GAATGCGCTCATAACCTTGCACCATTTTACAA,0.9741853,1,652.0
trmA,ATGCG,CTCATAACCTTGCACCATTTTACAAGTGTCGA,0.47181976,0,311.0
trmA,GCGCT,CATAACCTTGCACCATTTTACAAGTGTCGATA,0.595622,1,376.0
trmA,GCTCA,TAACCTTGCACCATTTTACAAGTGTCGATATC,0.9835845,1,662.0
trmA,TAACC,TTGCACCATTTTACAAGTGTCGATATCCATGC,0.9847275,1,664.0
trmA,AACCT,TGCACCATTTTACAAGTGTCGATATCCATGCC,0.3341954,0,216.0
trmA,TTGCA,CCATTTTACAAGTGTCGATATCCATGCCTGAG,0.5473433,1,347.0
trmA,GCACC,ATTTTACAAGTGTCGATATCCATGCCTGAGCG,0.9677165,1,642.0
trmA,CACCA,TTTTACAAGTGTCGATATCCATGCCTGAGCGT,0.29287088,0,192.0
trmA,TTACA,AGTGTCGATATCCATGCCTGAGCGTGGTGGGT,0.59418434,1,371.0
trmA,TGTCG,ATATCCATGCCTGAGCGTGGTGGGTCGACAAA,0.5560985,1,349.0
trmA,TATCC,ATGCCTGAGCGTGGTGGGTCGACAAAAATAGT,0.6103026,1,384.0
trmA,ATCCA,TGCCTGAGCGTGGTGGGTCGACAAAAATAGTG,0.06293566,0,22.0
trmA,ATGCC,TGAGCGTGGTGGGTCGACAAAAATAGTGTTGC,0.39792654,0,266.0
trmA,TGCCT,GAGCGTGGTGGGTCGACAAAAATAGTGTTGCA,0.05620229,0,18.0
trmA,GAGCG,TGGTGGGTCGACAAAAATAGTGTTGCAACGGT,0.1615259,0,106.0
trmA,GGTCG,ACAAAAATAGTGTTGCAACGGTAGCTTTGCAG,0.74288076,1,453.0
trmA,CGACA,AAAATAGTGTTGCAACGGTAGCTTTGCAGATC,0.9664918,1,639.0
trmA,TTGCA,ACGGTAGCTTTGCAGATCGACTCCCGCATCCT,0.7450204,1,457.0
trmA,CAACG,GTAGCTTTGCAGATCGACTCCCGCATCCTTCA,0.8856298,1,564.0
trmA,TAGCT,TTGCAGATCGACTCCCGCATCCTTCAAACGAT,0.7207832,1,444.0
trmA,TTGCA,GATCGACTCCCGCATCCTTCAAACGATTGAAT,0.6367619,1,396.0
trmA,GATCG,ACTCCCGCATCCTTCAAACGATTGAATTCGCG,0.49365526,0,324.0
trmA,CGACT,CCCGCATCCTTCAAACGATTGAATTCGCGTTT,0.7186169,1,443.0
trmA,ACTCC,CGCATCCTTCAAACGATTGAATTCGCGTTTAC,0.8146518,1,507.0
trmA,CTCCC,GCATCCTTCAAACGATTGAATTCGCGTTTACC,0.7394682,1,450.0
trmA,TCCCG,CATCCTTCAAACGATTGAATTCGCGTTTACCT,0.15283073,0,99.0
trmA,CCGCA,TCCTTCAAACGATTGAATTCGCGTTTACCTTC,0.894271,1,570.0
trmA,CATCC,TTCAAACGATTGAATTCGCGTTTACCTTCCAT,0.98197836,1,659.0
trmA,ATCCT,TCAAACGATTGAATTCGCGTTTACCTTCCATC,0.44425738,0,298.0
trmA,CTTCA,AACGATTGAATTCGCGTTTACCTTCCATCGCC,0.9402199,1,612.0
trmA,AAACG,ATTGAATTCGCGTTTACCTTCCATCGCCTGAG,0.82755804,1,515.0
trmA,ATTCG,CGTTTACCTTCCATCGCCTGAGTAAACTCTTC,0.13867551,0,89.0
trmA,TCGCG,TTTACCTTCCATCGCCTGAGTAAACTCTTCTG,0.7421275,1,451.0
trmA,TTACC,TTCCATCGCCTGAGTAAACTCTTCTGCTGACA,0.9824331,1,660.0
trmA,TACCT,TCCATCGCCTGAGTAAACTCTTCTGCTGACAT,0.3616664,0,233.0
trmA,CTTCC,ATCGCCTGAGTAAACTCTTCTGCTGACATGCG,0.94020617,1,611.0
trmA,TTCCA,TCGCCTGAGTAAACTCTTCTGCTGACATGCGA,0.46702564,0,308.0
trmA,CATCG,CCTGAGTAAACTCTTCTGCTGACATGCGAATG,0.13817918,0,88.0
trmA,TCGCC,TGAGTAAACTCTTCTGCTGACATGCGAATGAT,0.957717,1,631.0
trmA,CGCCT,GAGTAAACTCTTCTGCTGACATGCGAATGATC,0.2632804,0,172.0
trmA,AAACT,CTTCTGCTGACATGCGAATGATCTGCACGTTG,0.26874295,0,180.0
trmA,ACTCT,TCTGCTGACATGCGAATGATCTGCACGTTGCC,0.42152208,0,282.0
trmA,CTTCT,GCTGACATGCGAATGATCTGCACGTTGCCGAT,0.23656401,0,152.0
trmA,CTGCT,GACATGCGAATGATCTGCACGTTGCCGATCTG,0.3838942,0,252.0
trmA,TGACA,TGCGAATGATCTGCACGTTGCCGATCTGGTTC,0.93196607,1,600.0
trmA,ATGCG,AATGATCTGCACGTTGCCGATCTGGTTCGCGG,0.161821,0,107.0
trmA,GATCT,GCACGTTGCCGATCTGGTTCGCGGCAATATTA,0.25392428,0,164.0
trmA,CTGCA,CGTTGCCGATCTGGTTCGCGGCAATATTAAAT,0.06442416,0,24.0
trmA,GCACG,TTGCCGATCTGGTTCGCGGCAATATTAAATTG,0.80873847,1,499.0
trmA,TTGCC,GATCTGGTTCGCGGCAATATTAAATTGCGCAG,0.42766798,0,288.0
trmA,TGCCG,ATCTGGTTCGCGGCAATATTAAATTGCGCAGC,0.09111649,0,45.0
trmA,GATCT,GGTTCGCGGCAATATTAAATTGCGCAGCTTCT,0.031870645,0,8.0
trmA,GTTCG,CGGCAATATTAAATTGCGCAGCTTCTACAGAA,0.1256057,0,80.0
trmA,TCGCG,GCAATATTAAATTGCGCAGCTTCTACAGAAGG,0.35690808,0,231.0
trmA,CGGCA,ATATTAAATTGCGCAGCTTCTACAGAAGGTTT,0.7183113,1,441.0
trmA,TTGCG,CAGCTTCTACAGAAGGTTTGGCTAATTCGGTT,0.11471574,0,72.0
trmA,GCGCA,GCTTCTACAGAAGGTTTGGCTAATTCGGTTGC,0.16144018,0,105.0
trmA,CAGCT,TCTACAGAAGGTTTGGCTAATTCGGTTGCCAG,0.09370215,0,50.0
trmA,CTTCT,ACAGAAGGTTTGGCTAATTCGGTTGCCAGTAC,0.6054225,1,381.0
trmA,CTACA,GAAGGTTTGGCTAATTCGGTTGCCAGTACACG,0.77741754,1,479.0
trmA,TGGCT,AATTCGGTTGCCAGTACACGCTCAAAGTTTTG,0.4078043,0,276.0
trmA,ATTCG,GTTGCCAGTACACGCTCAAAGTTTTGCGCTAA,0.37737945,0,244.0
trmA,TTGCC,AGTACACGCTCAAAGTTTTGCGCTAACGCGAG,0.8750624,1,555.0
trmA,TGCCA,GTACACGCTCAAAGTTTTGCGCTAACGCGAGT,0.38105786,0,249.0
trmA,GTACA,CGCTCAAAGTTTTGCGCTAACGCGAGTGAGAA,0.37289098,0,241.0
trmA,ACACG,CTCAAAGTTTTGCGCTAACGCGAGTGAGAAGT,0.56751347,1,355.0
trmA,ACGCT,CAAAGTTTTGCGCTAACGCGAGTGAGAAGTTG,0.14041212,0,90.0
trmA,GCTCA,AAGTTTTGCGCTAACGCGAGTGAGAAGTTGCC,0.7277506,1,447.0
trmA,TTGCG,CTAACGCGAGTGAGAAGTTGCCGTTACCACAA,0.2592008,0,166.0
trmA,GCGCT,AACGCGAGTGAGAAGTTGCCGTTACCACAATA,0.8609996,1,538.0
trmA,TAACG,CGAGTGAGAAGTTGCCGTTACCACAATACAGT,0.715489,1,439.0
trmA,ACGCG,AGTGAGAAGTTGCCGTTACCACAATACAGTTC,0.39970076,0,268.0
trmA,TTGCC,GTTACCACAATACAGTTCAAGCAAATCCCCCT,0.93591154,1,605.0
trmA,TGCCG,TTACCACAATACAGTTCAAGCAAATCCCCCTT,0.6084065,1,382.0
trmA,TTACC,ACAATACAGTTCAAGCAAATCCCCCTTGCTCT,0.9844588,1,663.0
trmA,TACCA,CAATACAGTTCAAGCAAATCCCCCTTGCTCTC,0.40159842,0,270.0
trmA,CCACA,ATACAGTTCAAGCAAATCCCCCTTGCTCTCTT,0.97914916,1,655.0
trmA,ATACA,GTTCAAGCAAATCCCCCTTGCTCTCTTGAGTA,0.64616704,1,402.0
trmA,GTTCA,AGCAAATCCCCCTTGCTCTCTTGAGTACAATC,0.87429404,1,552.0
trmA,AAGCA,AATCCCCCTTGCTCTCTTGAGTACAATCGACC,0.7676545,1,471.0
trmA,AATCC,CCCTTGCTCTCTTGAGTACAATCGACCGCCCA,0.74316585,1,454.0
trmA,ATCCC,CCTTGCTCTCTTGAGTACAATCGACCGCCCAC,0.4056918,0,274.0
trmA,TCCCC,CTTGCTCTCTTGAGTACAATCGACCGCCCACT,0.4653181,0,306.0
trmA,CCCCC,TTGCTCTCTTGAGTACAATCGACCGCCCACTC,0.82241,1,514.0
trmA,CCCCT,TGCTCTCTTGAGTACAATCGACCGCCCACTCC,0.3090818,0,199.0
trmA,TTGCT,CTCTTGAGTACAATCGACCGCCCACTCCAACA,0.51172954,1,330.0
trmA,GCTCT,CTTGAGTACAATCGACCGCCCACTCCAACATT,0.428933,0,289.0
trmA,TCTCT,TGAGTACAATCGACCGCCCACTCCAACATTTT,0.90930146,1,586.0
trmA,GTACA,ATCGACCGCCCACTCCAACATTTTTTCGGCGA,0.956324,1,629.0
trmA,AATCG,ACCGCCCACTCCAACATTTTTTCGGCGACCTT,0.85626525,1,533.0
trmA,CGACC,GCCCACTCCAACATTTTTTCGGCGACCTTCGC,0.9736574,1,651.0
trmA,GACCG,CCCACTCCAACATTTTTTCGGCGACCTTCGCG,0.10026052,0,57.0
trmA,CCGCC,CACTCCAACATTTTTTCGGCGACCTTCGCGTT,0.891593,1,568.0
trmA,CGCCC,ACTCCAACATTTTTTCGGCGACCTTCGCGTTA,0.7513725,1,459.0
trmA,GCCCA,CTCCAACATTTTTTCGGCGACCTTCGCGTTAG,0.123173185,0,79.0
trmA,CCACT,CCAACATTTTTTCGGCGACCTTCGCGTTAGGT,0.7582428,1,461.0
trmA,ACTCC,AACATTTTTTCGGCGACCTTCGCGTTAGGTTG,0.9276922,1,594.0
trmA,CTCCA,ACATTTTTTCGGCGACCTTCGCGTTAGGTTGG,0.19482635,0,126.0
trmA,CAACA,TTTTTTCGGCGACCTTCGCGTTAGGTTGGGTA,0.35010356,0,228.0
trmA,TTTCG,GCGACCTTCGCGTTAGGTTGGGTAAAACTGTT,0.26174325,0,169.0
trmA,CGGCG,ACCTTCGCGTTAGGTTGGGTAAAACTGTTTTC,0.43507302,0,292.0
trmA,CGACC,TTCGCGTTAGGTTGGGTAAAACTGTTTTCGAC,0.93129706,1,599.0
trmA,GACCT,TCGCGTTAGGTTGGGTAAAACTGTTTTCGACT,0.13541193,0,87.0
trmA,CTTCG,CGTTAGGTTGGGTAAAACTGTTTTCGACTTGC,0.08225873,0,37.0
trmA,TCGCG,TTAGGTTGGGTAAAACTGTTTTCGACTTGCTT,0.7082593,1,437.0
trmA,AAACT,GTTTTCGACTTGCTTATATACATAAGGCTGGC,0.5291419,1,338.0
trmA,TTTCG,ACTTGCTTATATACATAAGGCTGGCCATTGAC,0.67965764,1,416.0
trmA,CGACT,TGCTTATATACATAAGGCTGGCCATTGACCTG,0.82807016,1,518.0
trmA,TTGCT,TATATACATAAGGCTGGCCATTGACCTGTAAT,0.6702667,1,411.0
trmA,ATACA,TAAGGCTGGCCATTGACCTGTAATTTCTCCAC,0.89640146,1,573.0
trmA,AGGCT,GGCCATTGACCTGTAATTTCTCCACCACGTAA,0.41883674,0,280.0
trmA,TGGCC,ATTGACCTGTAATTTCTCCACCACGTAATCAC,0.94240457,1,614.0
trmA,GGCCA,TTGACCTGTAATTTCTCCACCACGTAATCACG,0.7656321,1,469.0
trmA,TGACC,TGTAATTTCTCCACCACGTAATCACGATCCAG,0.9808821,1,658.0
trmA,GACCT,GTAATTTCTCCACCACGTAATCACGATCCAGC,0.4332854,0,290.0
trmA,TTTCT,CCACCACGTAATCACGATCCAGCACTACTTTC,0.6171012,1,387.0
trmA,TCTCC,ACCACGTAATCACGATCCAGCACTACTTTCAT,0.98007363,1,657.0
trmA,CTCCA,CCACGTAATCACGATCCAGCACTACTTTCATT,0.31524476,0,205.0
trmA,CCACC,ACGTAATCACGATCCAGCACTACTTTCATTTT,0.9890962,1,666.0
trmA,CACCA,CGTAATCACGATCCAGCACTACTTTCATTTTG,0.13470052,0,86.0
trmA,CCACG,TAATCACGATCCAGCACTACTTTCATTTTGCG,0.97920156,1,656.0
trmA,AATCA,CGATCCAGCACTACTTTCATTTTGCGAGCACG,0.20350893,0,131.0
trmA,TCACG,ATCCAGCACTACTTTCATTTTGCGAGCACGGC,0.9361852,1,606.0
trmA,GATCC,AGCACTACTTTCATTTTGCGAGCACGGCCGAT,0.94112116,1,613.0
trmA,ATCCA,GCACTACTTTCATTTTGCGAGCACGGCCGATT,0.15732466,0,101.0
trmA,CAGCA,CTACTTTCATTTTGCGAGCACGGCCGATTAAG,0.29315406,0,193.0
trmA,GCACT,ACTTTCATTTTGCGAGCACGGCCGATTAAGTT,0.7079056,1,436.0
trmA,CTACT,TTCATTTTGCGAGCACGGCCGATTAAGTTCAG,0.6434063,1,400.0
trmA,TTTCA,TTTTGCGAGCACGGCCGATTAAGTTCAGGTTG,0.10634007,0,65.0
trmA,TTGCG,AGCACGGCCGATTAAGTTCAGGTTGAACCCTT,0.3927863,0,262.0
trmA,GAGCA,CGGCCGATTAAGTTCAGGTTGAACCCTTCATC,0.14453627,0,93.0
trmA,GCACG,GCCGATTAAGTTCAGGTTGAACCCTTCATCGT,0.8156502,1,509.0
trmA,CGGCC,GATTAAGTTCAGGTTGAACCCTTCATCGTTCA,0.8611557,1,539.0
trmA,GGCCG,ATTAAGTTCAGGTTGAACCCTTCATCGTTCAG,0.11626095,0,74.0
trmA,GTTCA,GGTTGAACCCTTCATCGTTCAGGCGCTGTTTG,0.18015923,0,116.0
trmA,GAACC,CTTCATCGTTCAGGCGCTGTTTGAGAGCTTGC,0.6177932,1,388.0
trmA,AACCC,TTCATCGTTCAGGCGCTGTTTGAGAGCTTGCG,0.19690642,0,127.0
trmA,ACCCT,TCATCGTTCAGGCGCTGTTTGAGAGCTTGCGC,0.027981771,0,6.0
trmA,CTTCA,TCGTTCAGGCGCTGTTTGAGAGCTTGCGCTGC,0.4344864,0,291.0
trmA,CATCG,TTCAGGCGCTGTTTGAGAGCTTGCGCTGCAGT,0.12992384,0,81.0
trmA,GTTCA,GGCGCTGTTTGAGAGCTTGCGCTGCAGTGATC,0.072703674,0,32.0
trmA,AGGCG,CTGTTTGAGAGCTTGCGCTGCAGTGATCCATT,0.06647298,0,26.0
trmA,GCGCT,GTTTGAGAGCTTGCGCTGCAGTGATCCATTCT,0.06762311,0,28.0
trmA,GAGCT,TGCGCTGCAGTGATCCATTCTTCGCTGAGTTG,0.16868372,0,108.0
trmA,TTGCG,CTGCAGTGATCCATTCTTCGCTGAGTTGTCGA,0.3637572,0,236.0
trmA,GCGCT,GCAGTGATCCATTCTTCGCTGAGTTGTCGATG,0.2701459,0,181.0
trmA,CTGCA,GTGATCCATTCTTCGCTGAGTTGTCGATGGTA,0.58390963,1,362.0
trmA,GATCC,ATTCTTCGCTGAGTTGTCGATGGTACAGCAGT,0.7617634,1,465.0
trmA,ATCCA,TTCTTCGCTGAGTTGTCGATGGTACAGCAGTG,0.079533875,0,36.0
trmA,ATTCT,TCGCTGAGTTGTCGATGGTACAGCAGTGAAAC,0.28646106,0,189.0
trmA,CTTCG,CTGAGTTGTCGATGGTACAGCAGTGAAACCAA,0.17505194,0,113.0
trmA,TCGCT,GAGTTGTCGATGGTACAGCAGTGAAACCAAAA,0.37964785,0,248.0
trmA,TGTCG,ATGGTACAGCAGTGAAACCAAAATCTCGCCAC,0.69797605,1,432.0
trmA,GTACA,GCAGTGAAACCAAAATCTCGCCACTGAGGGTT,0.8695682,1,544.0
trmA,CAGCA,GTGAAACCAAAATCTCGCCACTGAGGGTTGAG,0.48033038,0,316.0
trmA,AAACC,AAAATCTCGCCACTGAGGGTTGAGAGGAAATC,0.8955201,1,571.0
trmA,AACCA,AAATCTCGCCACTGAGGGTTGAGAGGAAATCA,0.103899606,0,61.0
trmA,AATCT,CGCCACTGAGGGTTGAGAGGAAATCAACCTGA,0.060643986,0,20.0
trmA,TCTCG,CCACTGAGGGTTGAGAGGAAATCAACCTGAAA,0.20379044,0,132.0
trmA,TCGCC,ACTGAGGGTTGAGAGGAAATCAACCTGAAACA,0.5692442,1,356.0
trmA,CGCCA,CTGAGGGTTGAGAGGAAATCAACCTGAAACAG,0.026371704,0,3.0
trmA,CCACT,GAGGGTTGAGAGGAAATCAACCTGAAACAGTT,0.7649533,1,468.0
trmA,AATCA,ACCTGAAACAGTTTATGGCGCAGAATAGGGCT,0.27785745,0,186.0
trmA,CAACC,TGAAACAGTTTATGGCGCAGAATAGGGCTGCC,0.92902553,1,595.0
trmA,AACCT,GAAACAGTTTATGGCGCAGAATAGGGCTGCCT,0.08515664,0,40.0
trmA,AAACA,GTTTATGGCGCAGAATAGGGCTGCCTTTCATG,0.30971667,0,200.0
trmA,TGGCG,CAGAATAGGGCTGCCTTTCATGGCATCCATCA,0.39828214,0,267.0
trmA,GCGCA,GAATAGGGCTGCCTTTCATGGCATCCATCAGA,0.5752085,1,361.0
trmA,GGGCT,GCCTTTCATGGCATCCATCAGAAGAGGCATCA,0.21418083,0,139.0
trmA,CTGCC,TTTCATGGCATCCATCAGAAGAGGCATCAAAT,0.82152903,1,513.0
trmA,TGCCT,TTCATGGCATCCATCAGAAGAGGCATCAAATC,0.18564175,0,121.0
trmA,TTTCA,TGGCATCCATCAGAAGAGGCATCAAATCGTTA,0.6086095,1,383.0
trmA,TGGCA,TCCATCAGAAGAGGCATCAAATCGTTAATCAG,0.5951652,1,374.0
trmA,CATCC,ATCAGAAGAGGCATCAAATCGTTAATCAGGCG,0.80085725,1,494.0
trmA,ATCCA,TCAGAAGAGGCATCAAATCGTTAATCAGGCGG,0.09191397,0,47.0
trmA,CATCA,GAAGAGGCATCAAATCGTTAATCAGGCGGCTC,0.6289388,1,394.0
trmA,AGGCA,TCAAATCGTTAATCAGGCGGCTCGCCGCTGGA,0.36316553,0,234.0
trmA,CATCA,AATCGTTAATCAGGCGGCTCGCCGCTGGAAAT,0.50773317,1,327.0
trmA,AATCG,TTAATCAGGCGGCTCGCCGCTGGAAATTGATC,0.39735404,0,265.0
trmA,AATCA,GGCGGCTCGCCGCTGGAAATTGATCCACGCGG,0.05087677,0,13.0
trmA,AGGCG,GCTCGCCGCTGGAAATTGATCCACGCGGTACT,0.095411405,0,55.0
trmA,CGGCT,CGCCGCTGGAAATTGATCCACGCGGTACTTTT,0.13163805,0,84.0
trmA,GCTCG,CCGCTGGAAATTGATCCACGCGGTACTTTTCG,0.24755093,0,158.0
trmA,TCGCC,GCTGGAAATTGATCCACGCGGTACTTTTCGCG,0.5949652,1,373.0
trmA,CGCCG,CTGGAAATTGATCCACGCGGTACTTTTCGCGC,0.07646191,0,34.0
trmA,CCGCT,GGAAATTGATCCACGCGGTACTTTTCGCGCGT,0.3502022,0,229.0
trmA,GATCC,ACGCGGTACTTTTCGCGCGTCTCTTGATTAAA,0.90118855,1,576.0
trmA,ATCCA,CGCGGTACTTTTCGCGCGTCTCTTGATTAAAC,0.056297496,0,19.0
trmA,CCACG,CGGTACTTTTCGCGCGTCTCTTGATTAAACAT,0.7224819,1,446.0
trmA,ACGCG,GTACTTTTCGCGCGTCTCTTGATTAAACATGA,0.5534595,1,348.0
trmA,GTACT,TTTCGCGCGTCTCTTGATTAAACATGATGTAG,0.47492468,0,314.0
trmA,TTTCG,CGCGTCTCTTGATTAAACATGATGTAGTACAT,0.30429333,0,197.0
trmA,TCGCG,CGTCTCTTGATTAAACATGATGTAGTACATGT,0.324596,0,210.0
trmA,GCGCG,TCTCTTGATTAAACATGATGTAGTACATGTCA,0.84023964,1,522.0
trmA,CGTCT,CTTGATTAAACATGATGTAGTACATGTCATCG,0.41353905,0,279.0
trmA,TCTCT,TGATTAAACATGATGTAGTACATGTCATCGCC,0.8892034,1,566.0
trmA,AAACA,TGATGTAGTACATGTCATCGCCTTCATGCCAA,0.94323504,1,615.0
trmA,GTACA,TGTCATCGCCTTCATGCCAAATCCGAAATTCA,0.885109,1,563.0
trmA,TGTCA,TCGCCTTCATGCCAAATCCGAAATTCAGCACG,0.87046945,1,546.0
trmA,CATCG,CCTTCATGCCAAATCCGAAATTCAGCACGCAT,0.3896007,0,259.0
trmA,TCGCC,TTCATGCCAAATCCGAAATTCAGCACGCATAC,0.9707753,1,647.0
trmA,CGCCT,TCATGCCAAATCCGAAATTCAGCACGCATACG,0.4250707,0,285.0
trmA,CTTCA,TGCCAAATCCGAAATTCAGCACGCATACGATA,0.8550288,1,531.0
trmA,ATGCC,AAATCCGAAATTCAGCACGCATACGATAATTC,0.974195,1,653.0
trmA,TGCCA,AATCCGAAATTCAGCACGCATACGATAATTCA,0.48338103,0,318.0
trmA,AATCC,GAAATTCAGCACGCATACGATAATTCACCACT,0.9598804,1,633.0
trmA,ATCCG,AAATTCAGCACGCATACGATAATTCACCACTG,0.4589845,0,304.0
trmA,ATTCA,GCACGCATACGATAATTCACCACTGGCGACTC,0.77738494,1,478.0
trmA,CAGCA,CGCATACGATAATTCACCACTGGCGACTCAAA,0.42210102,0,283.0
trmA,GCACG,CATACGATAATTCACCACTGGCGACTCAAACA,0.8173083,1,511.0
trmA,ACGCA,TACGATAATTCACCACTGGCGACTCAAACACT,0.8831581,1,561.0
trmA,ATACG,ATAATTCACCACTGGCGACTCAAACACTTCCA,0.946286,1,619.0
trmA,ATTCA,CCACTGGCGACTCAAACACTTCCAGCTCAGGC,0.27694747,0,184.0
trmA,TCACC,ACTGGCGACTCAAACACTTCCAGCTCAGGCAT,0.9041933,1,579.0
trmA,CACCA,CTGGCGACTCAAACACTTCCAGCTCAGGCATG,0.09531786,0,54.0
trmA,CCACT,GGCGACTCAAACACTTCCAGCTCAGGCATGGA,0.6659875,1,410.0
trmA,TGGCG,ACTCAAACACTTCCAGCTCAGGCATGGAGTAA,0.38437438,0,254.0
trmA,CGACT,CAAACACTTCCAGCTCAGGCATGGAGTAATCA,0.7610921,1,464.0
trmA,ACTCA,AACACTTCCAGCTCAGGCATGGAGTAATCAAC,0.7589962,1,462.0
trmA,AAACA,CTTCCAGCTCAGGCATGGAGTAATCAACAAAC,0.22449093,0,144.0
trmA,ACACT,TCCAGCTCAGGCATGGAGTAATCAACAAACAT,0.57183623,1,357.0
trmA,CTTCC,AGCTCAGGCATGGAGTAATCAACAAACATCGC,0.84438366,1,525.0
trmA,TTCCA,GCTCAGGCATGGAGTAATCAACAAACATCGCT,0.09840221,0,56.0
trmA,CAGCT,CAGGCATGGAGTAATCAACAAACATCGCTTTT,0.34147692,0,222.0
trmA,GCTCA,GGCATGGAGTAATCAACAAACATCGCTTTTAA,0.48034596,0,317.0
trmA,AGGCA,TGGAGTAATCAACAAACATCGCTTTTAAACGG,0.40911153,0,277.0
trmA,AATCA,ACAAACATCGCTTTTAAACGGGCGATTTTGTC,0.7553794,1,460.0
trmA,CAACA,AACATCGCTTTTAAACGGGCGATTTTGTCTGC,0.8417934,1,524.0
trmA,AAACA,TCGCTTTTAAACGGGCGATTTTGTCTGCCAAT,0.8327958,1,520.0
trmA,CATCG,CTTTTAAACGGGCGATTTTGTCTGCCAATTGA,0.11926192,0,76.0
trmA,TCGCT,TTTAAACGGGCGATTTTGTCTGCCAATTGAGC,0.26587087,0,176.0
trmA,AAACG,GGCGATTTTGTCTGCCAATTGAGCTTGGTAGA,0.26658863,0,177.0
trmA,GGGCG,ATTTTGTCTGCCAATTGAGCTTGGTAGAGTTC,0.22388846,0,142.0
trmA,TGTCT,GCCAATTGAGCTTGGTAGAGTTCAGGGTTTAC,0.21342558,0,137.0
trmA,CTGCC,AATTGAGCTTGGTAGAGTTCAGGGTTTACATC,0.74823934,1,458.0
trmA,TGCCA,ATTGAGCTTGGTAGAGTTCAGGGTTTACATCA,0.11100575,0,70.0
trmA,GAGCT,TGGTAGAGTTCAGGGTTTACATCAAGAGTCGC,0.14521208,0,94.0
